CASE_ID,ACCIDENT_YEAR,PROC_DATE,JURIS,COLLISION_DATE,COLLISION_TIME,OFFICER_ID,REPORTING_DISTRICT,DAY_OF_WEEK,CHP_SHIFT,POPULATION,CNTY_CITY_LOC,SPECIAL_COND,BEAT_TYPE,CHP_BEAT_TYPE,CITY_DIVISION_LAPD,CHP_BEAT_CLASS,BEAT_NUMBER,PRIMARY_RD,SECONDARY_RD,DISTANCE,DIRECTION,INTERSECTION,WEATHER_1,WEATHER_2,STATE_HWY_IND,CALTRANS_COUNTY,CALTRANS_DISTRICT,STATE_ROUTE,ROUTE_SUFFIX,POSTMILE_PREFIX,POSTMILE,LOCATION_TYPE,RAMP_INTERSECTION,SIDE_OF_HWY,TOW_AWAY,COLLISION_SEVERITY,NUMBER_KILLED,NUMBER_INJURED,PARTY_COUNT,PRIMARY_COLL_FACTOR,PCF_CODE_OF_VIOL,PCF_VIOL_CATEGORY,PCF_VIOLATION,PCF_VIOL_SUBSECTION,HIT_AND_RUN,TYPE_OF_COLLISION,MVIW,PED_ACTION,ROAD_SURFACE,ROAD_COND_1,ROAD_COND_2,LIGHTING,CONTROL_DEVICE,CHP_ROAD_TYPE,PEDESTRIAN_ACCIDENT,BICYCLE_ACCIDENT,MOTORCYCLE_ACCIDENT,TRUCK_ACCIDENT,NOT_PRIVATE_PROPERTY,ALCOHOL_INVOLVED,STWD_VEHTYPE_AT_FAULT,CHP_VEHTYPE_AT_FAULT,COUNT_SEVERE_INJ,COUNT_VISIBLE_INJ,COUNT_COMPLAINT_PAIN,COUNT_PED_KILLED,COUNT_PED_INJURED,COUNT_BICYCLIST_KILLED,COUNT_BICYCLIST_INJURED,COUNT_MC_KILLED,COUNT_MC_INJURED,PRIMARY_RAMP,SECONDARY_RAMP,LATITUDE,LONGITUDE,COUNTY,CITY,POINT_X,POINT_Y
90657068,2018,2018-02-07,9120,2018-02-03,1435,021329,,6,2,9,0800,0,1,2,,2,001,US-101,"HAIGHT AVENUE",143.00,S,N,A,-,Y,,,101,,,,,,,N,3,0,1,1,A,-,08,22107,,N,F,A,A,A,H,-,A,D,0,,,Y,,Y,,C,02,0,1,0,0,0,0,0,0,1,"- ","- ",41.930950164794922,-124.14824676513672,"DEL NORTE",UNINCORPORATED,-124.14828491210938,41.930820465087891
90657977,2018,2018-02-08,9120,2018-01-30,2055,021863,,2,2,9,0800,0,1,2,,2,003,US-199,"WALKER RD",5280.00,S,N,A,-,Y,,,199,,,,,,,Y,3,0,1,1,A,-,01,23152,A,N,E,I,A,B,H,-,D,D,0,,,,,Y,Y,A,07,0,1,0,0,0,0,0,0,0,"- ","- ",41.811019897460938,-124.12519073486328,"DEL NORTE",UNINCORPORATED,-124.12517547607422,41.810989379882812
90658670,2018,2018-02-09,9120,2018-02-03,1855,021580,,6,2,9,0800,0,3,5,,2,045,"ENDERTS BEACH ROAD",US-101,10032.00,S,N,A,-,N,,,,,,,,,,Y,3,0,1,1,A,-,03,22350,,N,E,I,A,B,H,-,D,D,0,,,,,Y,,A,01,0,1,0,0,0,0,0,0,0,"- ","- ",41.710929870605469,-124.14211273193359,"DEL NORTE",UNINCORPORATED,-124.1422119140625,41.710868835449219
90658777,2018,2018-02-12,9120,2018-02-02,1540,021085,,5,2,9,0800,0,1,2,,2,004,US-199,"KNOPTI CREEK",9293.00,S,N,A,-,Y,,,199,,,,,,,Y,3,0,1,1,A,-,08,22107,,N,E,J,A,B,H,-,A,D,0,,,,,Y,,D,22,0,1,0,0,0,0,0,0,0,"- ","- ",41.901718139648438,-123.76863098144531,"DEL NORTE",UNINCORPORATED,-123.76854705810547,41.901737213134766
90661411,2018,2018-02-14,9120,2018-02-03,1047,021863,,6,1,9,0800,0,1,2,,2,003,US-199,"ELK VALLEY CROSS RD",0.00,,Y,A,-,Y,,,199,,,,,,,Y,4,0,1,2,A,-,09,21802,A,N,D,C,A,A,H,-,A,A,0,,,,,Y,,A,01,0,0,1,0,0,0,0,0,0,"- ","- ",41.804370880126953,-124.14322662353516,"DEL NORTE",UNINCORPORATED,-124.14323425292969,41.804302215576172
90669098,2018,2018-02-26,9120,2018-02-18,0150,021161,,7,3,9,0800,0,1,3,,1,008,US-197,"JED SMITH LN",0.50,N,N,C,-,Y,,,197,,,,,,,Y,3,0,1,1,A,-,01,23152,A,N,E,I,A,B,H,-,D,D,0,,,,,Y,Y,D,22,0,1,0,0,0,0,0,0,0,"- ","- ",41.844249725341797,-124.11463928222656,"DEL NORTE",UNINCORPORATED,-124.11463165283203,41.844253540039062
90669372,2018,2018-02-26,9120,2018-02-20,1855,017248,,2,2,9,0800,0,3,5,,2,042,"ELK VALLEY CROSS RD","COHO LN",197.00,W,N,A,-,N,,,,,,,,,,Y,4,0,1,1,A,-,01,23152,A,N,E,I,A,A,H,-,D,D,0,,,,,Y,Y,A,08,0,0,1,0,0,0,0,0,0,"- ","- ",41.809261322021484,-124.15569305419922,"DEL NORTE",UNINCORPORATED,-124.15543365478516,41.809249877929688
90673062,2018,2018-03-01,9120,2018-02-27,1745,017248,,2,2,9,0800,0,1,2,,2,002,US-101,"KRISTIAN LN",55.00,S,N,A,-,Y,,,101,,,,,,,Y,3,0,3,3,A,-,03,22350,,N,C,C,A,A,H,-,A,D,0,,,,,Y,,D,22,0,3,0,0,0,0,0,0,0,"- ","- ",41.859020233154297,-124.14173889160156,"DEL NORTE",UNINCORPORATED,-124.14177703857422,41.859027862548828
90678437,2018,2018-03-09,9120,2018-03-02,2344,021279,,5,3,9,0800,0,2,4,,2,027,"LAKE EARL DR","ANGEL LN",2.00,S,N,B,C,N,,,,,,,,,,Y,3,0,1,1,A,-,08,22107,,N,E,I,A,B,H,-,C,D,0,,,,,Y,,A,01,0,1,0,0,0,0,0,0,0,"- ","- ",41.801921844482422,-124.17411804199219,"DEL NORTE",UNINCORPORATED,-124.17421722412109,41.801937103271484
90679587,2018,2018-03-12,9120,2018-03-03,0335,021221,,6,3,9,0800,0,2,4,,2,027,"LAKE EARL DR","BUZZINI ROAD",230.00,S,N,B,C,N,,,,,,,,,,Y,4,0,1,1,A,-,01,23152,A,N,E,I,A,B,H,-,D,D,0,,,,,Y,Y,A,01,0,0,1,0,0,0,0,0,0,"- ","- ",41.827381134033203,-124.16658020019531,"DEL NORTE",UNINCORPORATED,-124.16648864746094,41.827457427978516
90684603,2018,2018-03-19,9120,2018-03-14,1420,017248,,3,2,9,0800,0,1,2,,2,003,US-199,"WALKER ROAD",5280.00,S,N,A,-,Y,,,199,,,,,,,Y,2,0,1,2,A,-,03,22350,,N,F,A,A,B,H,-,A,D,0,,,Y,,Y,,C,02,1,0,0,0,0,0,0,0,1,"- ","- ",41.811290740966797,-124.12406158447266,"DEL NORTE",UNINCORPORATED,-124.12406921386719,41.811222076416016
90689667,2018,2018-03-26,9120,2018-03-20,2245,021580,,2,3,9,0800,0,3,5,,2,042,"KELLOGG RD","TELL BLVD",2630.00,W,N,B,C,N,,,,,,,,,,Y,4,0,1,2,A,-,21,22106,,M,C,E,A,B,H,-,D,D,0,,,,,Y,,D,22,0,0,1,0,0,0,0,0,0,"- ","- ",41.869308471679688,-124.21330261230469,"DEL NORTE",UNINCORPORATED,-124.21179962158203,41.869308471679688
90695478,2018,2018-03-30,9120,2018-03-24,0000,021580,,6,3,9,0800,0,2,4,,2,030,"ELK VALLEY ROAD","HOWLAND HILL RD",430.00,N,N,B,C,N,,,,,,,,,,Y,4,0,1,1,A,-,08,22107,,N,E,I,A,B,H,-,D,D,0,,,,,Y,,A,01,0,0,1,0,0,0,0,0,0,"- ","- ",41.75946044921875,-124.16571807861328,"DEL NORTE",UNINCORPORATED,-124.16648864746094,41.759056091308594
90698532,2018,2018-04-04,9120,2018-03-31,1400,021085,,6,2,9,0800,0,2,4,,2,029,"WASHINGTON BLVD","CALIFORNIA ST",27.50,E,N,A,-,N,,,,,,,,,,N,3,0,1,1,A,-,03,22350,,N,F,A,A,A,H,-,A,D,0,,,Y,,Y,,C,02,0,1,0,0,0,0,0,0,1,"- ","- ",41.772720336914062,-124.20246887207031,"DEL NORTE",UNINCORPORATED,-124.20247650146484,41.772769927978516
90698805,2018,2018-04-04,9120,2018-03-30,1218,015954,,5,1,9,0800,0,1,2,,2,002,US-101,"WASHINGTON BLVD",1652.00,S,N,A,-,Y,,,101,,,,,,,Y,4,0,1,1,A,-,08,22107,,N,E,I,A,A,H,-,A,D,0,,,,,Y,,A,01,0,0,1,0,0,0,0,0,0,"- ","- ",41.776149749755859,-124.18537902832031,"DEL NORTE",UNINCORPORATED,-124.18529510498047,41.776046752929688
90702541,2018,2018-04-10,9120,2018-04-03,1300,017248,,2,1,9,0800,0,1,2,,2,003,US-199,"HOWARD GRIFFITH BRIDGE",4224.00,S,N,A,-,Y,,,199,,,,,,,Y,4,0,3,2,A,-,07,21658,A,N,B,C,A,A,H,-,A,D,0,,,,,Y,,D,22,0,0,3,0,0,0,0,0,0,"- ","- ",41.857891082763672,-123.88446044921875,"DEL NORTE",UNINCORPORATED,-123.88446044921875,41.857906341552734
90703739,2018,2018-04-11,9120,2018-04-03,2230,021161,,2,3,9,0800,0,1,2,,2,004,US-199,"GREEN GATE ROAD",600.00,S,N,A,-,Y,,,199,,,,,,,Y,3,0,1,2,A,-,08,22107,,N,B,C,A,A,H,-,D,D,0,,,,,Y,,D,22,0,1,0,0,0,0,0,0,0,"- ","- ",41.990898132324219,-123.71793365478516,"DEL NORTE",UNINCORPORATED,-123.71790313720703,41.990909576416016
90706064,2018,2018-04-16,9120,2018-04-07,2330,021221,,6,3,9,0800,0,1,2,,2,004,"UNITED STATES HIGHWAY 199","LITTLE JONES CREEK ROAD",525.00,S,N,C,-,Y,,,199,,,,,,,Y,4,0,1,1,A,-,03,22350,,M,E,I,A,B,H,-,D,D,0,,,,,Y,,D,22,0,0,1,0,0,0,0,0,0,"- ","- ",41.882209777832031,-123.82118225097656,"DEL NORTE",UNINCORPORATED,-123.82118988037109,41.882133483886719
90706186,2018,2018-04-16,9120,2018-04-07,0402,021221,,6,3,9,0800,0,1,2,,2,002,"UNITED STATES HIGHWAY 101","KINGS VALLEY RD",240.00,N,N,B,-,Y,,,101,,,,,,,Y,4,0,1,1,A,-,08,22107,,N,E,I,A,B,H,-,D,D,0,,,,,Y,,D,22,0,0,1,0,0,0,0,0,0,"- ","- ",41.862800598144531,-124.14089202880859,"DEL NORTE",UNINCORPORATED,-124.14090728759766,41.862804412841797
90707922,2018,2018-04-18,9120,2018-04-13,1650,017248,,5,2,9,0800,0,2,4,,2,027,"LAKE EARL DRIVE","WHITE LANE",181.00,S,N,A,-,N,,,,,,,,,,Y,3,0,1,2,A,-,01,23152,A,N,A,C,A,A,H,-,A,D,0,,,,,Y,Y,A,07,0,1,0,0,0,0,0,0,0,"- ","- ",41.822170257568359,-124.16510772705078,"DEL NORTE",UNINCORPORATED,-124.16505432128906,41.822105407714844
90708822,2018,2018-04-19,9120,2018-04-11,1435,021329,,3,2,9,0800,0,1,2,,2,005,US-101,"MILL CREEK CAMPGROUND",528.00,N,N,C,-,Y,,,101,,,,,,,Y,3,0,1,1,A,-,03,22350,,N,E,I,A,B,H,-,A,D,0,,,,,Y,,A,07,0,1,0,0,0,0,0,0,0,"- ","- ",41.701118469238281,-124.12184143066406,"DEL NORTE",UNINCORPORATED,-124.12176513671875,41.701187133789062
90709333,2018,2018-04-19,9120,2018-04-11,1457,017248,,3,2,9,0800,0,1,2,,2,004,US199,"SISKIYOU FORK ROAD",150.00,N,N,B,C,Y,,,199,,,,,,,Y,2,0,3,1,A,-,08,22107,,N,E,I,A,B,H,-,A,D,0,,,,,Y,,A,01,1,2,0,0,0,0,0,0,0,"- ","- ",41.884479522705078,-123.80933380126953,"DEL NORTE",UNINCORPORATED,-123.80935668945312,41.884593963623047
90711830,2018,2018-04-24,9120,2018-04-15,1200,021863,,7,1,9,0800,0,3,5,,2,044,"PATRICK J MURPHY MEM DR","MATT RD",39.00,N,N,C,-,N,,,,,,,,,,Y,2,0,1,1,A,-,03,22350,,N,F,A,A,B,H,-,A,D,0,,,,,Y,,D,22,1,0,0,0,0,0,0,0,0,"- ","- ",41.547218322753906,-124.07453918457031,"DEL NORTE",UNINCORPORATED,,
90711837,2018,2018-04-24,9120,2018-04-15,1450,021863,,7,2,9,0800,0,1,2,,2,005,"RT 101","WILSON CREEK RD",17952.00,N,N,B,-,Y,,,101,,,,,,,Y,3,0,1,1,A,-,03,22350,,N,E,J,A,B,H,-,A,D,0,,,,,Y,,D,22,0,1,0,0,0,0,0,0,0,"- ","- ",41.647850036621094,-124.11293029785156,"DEL NORTE",UNINCORPORATED,-124.11282348632812,41.647960662841797
90712050,2018,2018-04-24,9120,2018-04-18,1840,021597,,3,2,9,0800,0,1,3,,1,008,SR-197,"JED SMITH LN",2112.00,N,N,A,-,Y,,,197,,,,,,,N,3,0,1,1,A,-,03,22350,,N,F,A,A,A,H,-,A,D,0,,,Y,,Y,,C,02,0,1,0,0,0,0,0,0,1,"- ","- ",41.843700408935547,-124.11409759521484,"DEL NORTE",UNINCORPORATED,-124.11406707763672,41.843753814697266
90715703,2018,2018-04-27,9120,2018-04-20,1725,021329,,5,2,9,0800,0,1,2,,2,003,US-199,"PATRICK CREEK ROAD",400.00,S,N,A,-,Y,,,199,,,,,,,Y,4,0,1,1,A,-,01,23152,A,N,E,I,A,A,H,-,A,D,0,,,,,Y,Y,A,01,0,0,1,0,0,0,0,0,0,"- ","- ",41.873771667480469,-123.84488677978516,"DEL NORTE",UNINCORPORATED,-123.84475708007812,41.873668670654297
90725503,2018,2018-05-14,9120,2018-05-06,0100,021580,,7,3,9,0800,0,3,5,,2,045,"TERWER RIFFLE ROAD","HILL ROAD",173.00,E,N,A,-,N,,,,,,,,,,Y,2,0,1,1,A,-,01,23152,A,N,E,I,A,A,H,-,D,D,0,,,,,Y,Y,A,07,1,0,0,0,0,0,0,0,0,"- ","- ",41.511688232421875,-123.99288940429688,"DEL NORTE",UNINCORPORATED,-123.99286651611328,41.511787414550781
90729122,2018,2018-05-18,9120,2018-05-14,1613,017248,,1,2,9,0800,0,1,2,,2,005,"NORTHCREST DRIVE","WASHINGTON BLVD.",0.00,,Y,A,-,N,,,,,,,,,,N,3,0,1,1,A,-,08,22107,,N,F,A,A,A,B,-,A,A,0,,,Y,,Y,,C,02,0,1,0,0,0,0,0,0,1,"- ","- ",41.772739410400391,-124.20034027099609,"DEL NORTE",UNINCORPORATED,-124.20036315917969,41.772720336914062
90730068,2018,2018-05-21,9120,2018-05-11,1745,021329,,5,2,9,0800,0,2,4,,2,027,"LAK EARL DRIVE","LOWER LAKE ROAD",0.00,,Y,A,-,N,,,,,,,,,,Y,4,0,2,2,A,-,08,22107,,N,A,C,A,A,H,-,A,A,0,,,,,Y,,A,01,0,0,2,0,0,0,0,0,0,"- ","- ",41.83953857421875,-124.1644287109375,"DEL NORTE",UNINCORPORATED,-124.16439056396484,41.839530944824219
90736392,2018,2018-05-29,9120,2018-05-26,1215,020638,,6,1,9,0800,0,1,2,,2,006,"UNITED STATES HIGHWAY 101","REDWOOD DR",581.00,N,N,A,-,Y,,,101,,,,,,,N,4,0,1,2,A,-,08,22107,,N,D,C,A,A,H,-,A,D,0,,,,,Y,,D,22,0,0,1,0,0,0,0,0,0,"- ","- ",41.584098815917969,-124.08660125732422,"DEL NORTE",UNINCORPORATED,-124.08660125732422,41.5841064453125
90736529,2018,2018-05-29,9120,2018-05-19,1330,021863,,6,1,9,0800,0,2,4,,2,027,"LAKE EARL DR","EARL ST",201.00,S,N,B,-,N,,,,,,,,,,Y,2,0,1,1,A,-,08,22107,,N,E,I,A,A,H,-,A,D,0,,,,,Y,,A,01,1,0,0,0,0,0,0,0,0,"- ","- ",41.819351196289062,-124.1646728515625,"DEL NORTE",UNINCORPORATED,-124.16460418701172,41.819629669189453
90737030,2018,2018-05-30,9120,2018-05-19,2115,021446,,6,2,9,0800,0,2,4,,2,027,"LAKE EARL DR","MOREHEAD RD",11.00,N,N,B,-,N,,,,,,,,,,Y,4,0,1,1,A,-,03,22350,,M,E,I,A,A,H,-,D,A,0,,,,,Y,,A,01,0,0,1,0,0,0,0,0,0,"- ","- ",41.865821838378906,-124.15054321289062,"DEL NORTE",UNINCORPORATED,-124.15042114257812,41.865776062011719
90737165,2018,2018-05-30,9120,2018-05-23,2000,017248,,3,2,9,0800,0,1,2,,2,003,US-199,"WALKER ROAD",4224.00,S,N,B,-,Y,,,,,,,,,,Y,3,0,1,1,A,-,08,22107,,N,E,I,A,B,H,-,B,D,0,,,,,Y,Y,D,22,0,1,0,0,0,0,0,0,0,"- ","- ",41.771999359130859,-124.20030212402344,"DEL NORTE",UNINCORPORATED,-124.12198638916016,41.810253143310547
90745703,2018,2018-06-11,9120,2018-06-02,1600,021863,,6,2,9,0800,0,1,2,,2,003,US-199,"WALKER RD",7392.00,S,N,A,-,Y,,,199,,,,,,,Y,3,0,1,1,A,-,08,22107,,N,F,A,A,A,H,-,A,D,0,,,Y,,Y,,C,02,0,1,0,0,0,0,0,0,1,"- ","- ",41.808391571044922,-124.12973022460938,"DEL NORTE",UNINCORPORATED,-124.12973022460938,41.808475494384766
90746701,2017,2019-01-24,9120,2017-02-16,1458,015557,,4,2,9,0800,0,1,2,,2,006,US-101,"EHLERS WAY",450.00,S,N,C,-,Y,,,101,,,,,,,Y,2,0,1,2,A,-,08,22107,,N,D,C,A,B,H,-,A,D,0,,,,Y,Y,,J,48,1,0,0,0,0,0,0,0,0,"- ","- ",41.53031,-124.04075,"DEL NORTE",UNINCORPORATED,-124.04074528,41.530314769999997
90748429,2018,2018-06-14,9120,2018-06-07,1520,021161,,4,2,9,0800,0,3,5,,2,042,"FIRST STREET","SARINA ROAD",112.00,E,N,A,-,N,,,,,,,,,,Y,3,0,1,2,A,-,09,21800,A,N,D,C,A,A,H,-,A,D,0,,,,,Y,,D,22,0,1,0,0,0,0,0,0,0,"- ","- ",41.926658630371094,-124.16513061523438,"DEL NORTE",UNINCORPORATED,-124.16514587402344,41.926620483398438
90748569,2018,2018-06-14,9120,2018-06-09,1625,021597,,6,2,9,0800,0,2,4,,2,030,"ELK VALLEY ROAD","NORRIS AVE",0.00,,Y,B,-,N,,,,,,,,,,Y,3,0,3,2,A,-,09,21801,A,N,A,C,A,A,H,-,A,D,0,,,,,Y,,A,01,0,1,2,0,0,0,0,0,0,"- ","- ",41.762630462646484,-124.16191101074219,"DEL NORTE",UNINCORPORATED,-124.16194152832031,41.762630462646484
90748816,2018,2018-06-15,9120,2018-06-09,1305,019915,,6,1,9,0800,0,1,2,,2,003,US-199,"FRENCH HILL ROAD",5808.00,S,N,B,-,Y,,,,,,,,,,Y,2,0,1,1,A,-,03,22350,,N,F,I,A,B,H,-,A,D,0,,,,,Y,,A,07,1,0,0,0,0,0,0,0,0,"- ","- ",41.833518981933594,-124.02407836914062,"DEL NORTE",UNINCORPORATED,-124.02447509765625,41.839210510253906
90748899,2018,2018-06-15,9120,2018-06-10,0945,019072,,7,1,9,0800,0,2,4,,2,029,"UNITED STATES HIGHWAY 101","ANCHOR WAY",0.00,,Y,A,-,Y,,,101,,,,,,,N,3,0,1,2,A,-,09,21802,A,F,D,G,A,A,H,-,A,A,0,,Y,,,Y,,A,01,0,1,0,0,0,0,1,0,0,"- ","- ",41.746688842773438,-124.17742156982422,"DEL NORTE",UNINCORPORATED,-124.17742919921875,41.746681213378906
90749058,2018,2018-06-15,9120,2018-06-12,0640,019072,,2,1,9,0800,0,3,5,,2,045,"MAIDEN LN","ELK VALLEY RD",400.00,N,N,B,-,N,,,,,,,,,,N,4,0,1,2,A,-,09,21804,A,N,D,G,A,A,H,-,A,D,0,,Y,,,Y,,L,04,0,0,1,0,0,0,1,0,0,"- ","- ",41.755119323730469,-124.18058776855469,"DEL NORTE",UNINCORPORATED,-124.18060302734375,41.754608154296875
90752194,2018,2018-06-20,9120,2018-06-14,0553,020638,,4,3,9,0800,0,3,5,,2,045,"HUMBOLDT RD","SANDMINE RD",528.00,E,N,A,-,N,,,,,,,,,,Y,4,0,1,1,C,-,18,,,N,H,H,A,A,H,-,A,D,0,,,,,Y,,-,"- ",0,0,1,0,0,0,0,0,0,"- ","- ",41.742599487304688,-124.15660095214844,"DEL NORTE",UNINCORPORATED,-124.15574645996094,41.738819122314453
90755233,2018,2018-11-05,9120,2018-04-27,1030,020638,,5,1,9,0800,0,1,2,,2,006,"UNITED STATES HIGHWAY 101","STATE ROUTE 169",1584.00,S,N,B,-,Y,,,101,,,,,,,Y,1,1,1,2,A,-,05,21460,A,N,A,C,A,A,H,-,A,D,0,,,,Y,Y,,A,01,0,1,0,0,0,0,0,0,0,"- ","- ",41.519599914550781,-124.03199768066406,"DEL NORTE",UNINCORPORATED,-124.03205871582031,41.519565582275391
90761240,2018,2018-07-05,9120,2018-06-21,0115,021279,,4,3,9,0800,0,1,2,,2,006,"UNITED STATES HIGHWAY 101","LONESOME RD",8448.00,N,N,B,-,Y,,,101,,,,,,,Y,2,0,1,1,A,-,08,22107,,N,E,I,A,A,H,-,D,D,0,,,,Y,Y,,G,25,1,0,0,0,0,0,0,0,0,"- ","- ",41.590488433837891,-124.09600830078125,"DEL NORTE",UNINCORPORATED,-124.09595489501953,41.590526580810547
90761866,2018,2018-07-03,9120,2018-06-26,1426,021863,,2,2,9,0800,0,1,2,,2,005,US-101,"ANCHOR WAY",1056.00,S,N,A,-,Y,,,101,,,,,,,Y,4,0,1,2,A,-,08,22107,,N,B,C,A,A,H,-,A,D,0,,,,,Y,,A,08,0,0,1,0,0,0,0,0,0,"- ","- ",41.745109558105469,-124.17426300048828,"DEL NORTE",UNINCORPORATED,-124.17427062988281,41.745071411132812
90762711,2018,2018-07-04,9120,2018-06-27,0841,020638,,3,1,9,0800,0,2,4,,2,030,"ELK VALLEY CROSS RD","WONDER STUMP RD",0.00,,Y,B,-,N,,,,,,,,,,N,3,0,2,1,C,-,18,,,N,H,A,A,A,H,-,A,A,0,,,,,Y,,-,"- ",0,1,1,0,0,0,0,0,0,"- ","- ",41.811000823974609,-124.15859985351562,"DEL NORTE",UNINCORPORATED,-124.15856170654297,41.810981750488281
90763107,2018,2018-07-05,9120,2018-06-29,1730,017248,,5,2,9,0800,0,1,2,,2,002,US-101,"TAMARAK DR.",2.00,N,N,A,-,Y,,,,,,,,,,Y,3,0,1,2,A,-,08,22107,,N,D,C,A,A,H,-,A,D,0,,,,,Y,,D,22,0,1,0,0,0,0,0,0,0,"- ","- ",41.850620269775391,-124.15598297119141,"DEL NORTE",UNINCORPORATED,-124.14296722412109,41.847755432128906
90763637,2018,2018-07-05,9120,2018-06-28,0820,017994,,4,1,9,0800,0,1,2,,2,001,"RT 101","GILBERT CREEK",2640.00,S,N,A,-,Y,,,101,,,,,,,Y,3,0,1,3,A,-,03,22350,,N,C,C,A,A,D,-,A,A,0,,,,Y,Y,,A,08,0,1,0,0,0,0,0,0,0,"- ","- ",41.978118896484375,-124.20307159423828,"DEL NORTE",UNINCORPORATED,-124.20316314697266,41.978118896484375
90765252,2018,2018-07-09,9120,2018-06-29,1700,021597,,5,2,9,0800,0,1,2,,2,006,US-101,"LONESOME ROAD",2500.00,N,N,A,-,Y,,,101,,,,,,,Y,2,0,2,2,A,-,09,21801,A,N,A,C,A,A,H,-,A,D,0,,,,,Y,,A,01,1,1,0,0,0,0,0,0,0,"- ","- ",41.584178924560547,-124.086669921875,"DEL NORTE",UNINCORPORATED,-124.08668518066406,41.584129333496094
90766806,2018,2018-07-11,9120,2018-07-02,1348,021597,,1,1,9,0800,0,1,2,,2,005,US-101,"ENDERTS BEACH ROAD",0.00,,Y,A,-,Y,,,,,,,,,,Y,3,0,1,2,A,-,12,22450,A,N,D,C,A,A,H,-,A,D,0,,,,,Y,,A,01,0,1,0,0,0,0,0,0,0,"- ","- ",41.799999237060547,-124.16500091552734,"DEL NORTE",UNINCORPORATED,-124.15419006347656,41.736198425292969
90771206,2018,2018-07-17,9120,2018-07-10,1510,021085,,2,2,9,0800,0,1,2,,2,002,US-101,"REYNOLDS LN",600.00,S,N,A,-,Y,,,101,,,,,,,Y,3,0,1,1,A,-,08,22107,,N,E,I,A,A,H,-,A,D,0,,,,,Y,,A,07,0,1,0,0,0,0,0,0,0,"- ","- ",41.865230560302734,-124.14037322998047,"DEL NORTE",UNINCORPORATED,-124.14037322998047,41.865230560302734
90771547,2018,2018-07-18,9120,2018-07-13,0745,017994,,5,1,9,0800,0,2,4,,2,030,"ELK VALLEY RD","MAYAS LN",780.00,N,N,A,-,N,,,,,,,,,,Y,3,0,2,1,A,-,08,22107,,N,E,I,A,A,H,-,A,D,0,,,,,Y,,A,07,0,1,1,0,0,0,0,0,0,"- ","- ",41.780040740966797,-124.15023803710938,"DEL NORTE",UNINCORPORATED,-124.15048217773438,41.779277801513672
90772441,2018,2018-07-19,9120,2018-07-16,1635,021597,,1,2,9,0800,0,1,2,,2,006,US-101,"REDWOOD DR.",2482.00,S,N,A,-,Y,,,101,,,,,,,Y,3,0,2,1,A,-,08,22107,,N,E,I,A,A,H,-,A,D,0,,,,,Y,,A,07,0,2,0,0,0,0,0,0,0,"- ","- ",41.566600799560547,-124.06780242919922,"DEL NORTE",UNINCORPORATED,-124.06800842285156,41.566482543945312
90773269,2018,2018-07-20,9120,2018-07-12,1410,021863,,4,2,9,0800,0,2,4,,2,030,"ELK VALLEY RD","HARBOR VIEW DR",0.00,,Y,A,-,N,,,,,,,,,,Y,3,0,2,2,A,-,03,22350,,N,C,C,A,A,H,-,A,D,0,,,,,Y,,A,07,0,1,1,0,0,0,0,0,0,"- ","- ",41.762699127197266,-124.16188812255859,"DEL NORTE",UNINCORPORATED,-124.16194152832031,41.762630462646484
90773659,2018,2018-07-20,9120,2018-04-20,0250,021597,,5,3,9,0800,0,1,2,,2,003,US-199,"SOUTH FORK ROAD",18480.00,N,N,A,-,Y,,,199,,,,,,,Y,1,1,0,1,A,-,01,23152,G,N,E,I,A,A,H,-,D,D,0,,,,,Y,Y,A,01,0,0,0,0,0,0,0,0,0,"- ","- ",41.839561462402344,-124.03366088867188,"DEL NORTE",UNINCORPORATED,-124.03365325927734,41.839641571044922
90774096,2018,2018-07-23,9120,2018-07-14,1945,021863,,6,2,9,0800,0,1,2,,2,005,US-101,"HAMILTON RD",8290.00,S,N,B,-,Y,,,101,,,,,,,Y,3,0,2,1,A,-,08,22107,,N,E,J,A,A,H,-,A,D,0,,,,,Y,,A,01,0,1,1,0,0,0,0,0,0,"- ","- ",41.709358215332031,-124.12995147705078,"DEL NORTE",UNINCORPORATED,-124.12993621826172,41.709308624267578
90774556,2018,2018-07-23,9120,2018-07-17,0345,021580,,2,3,9,0800,0,2,4,,2,029,"INYO ST","WILLOW GLEN COURT",159.00,S,N,B,-,N,,,,,,,,,,Y,3,0,1,1,A,-,08,22107,,N,E,I,A,B,H,-,D,D,0,,,,,Y,,A,01,0,1,0,0,0,0,0,0,0,"- ","- ",41.76654052734375,-124.21437072753906,"DEL NORTE",UNINCORPORATED,-124.21422576904297,41.766502380371094