CASE_ID,ACCIDENT_YEAR,PROC_DATE,JURIS,COLLISION_DATE,COLLISION_TIME,OFFICER_ID,REPORTING_DISTRICT,DAY_OF_WEEK,CHP_SHIFT,POPULATION,CNTY_CITY_LOC,SPECIAL_COND,BEAT_TYPE,CHP_BEAT_TYPE,CITY_DIVISION_LAPD,CHP_BEAT_CLASS,BEAT_NUMBER,PRIMARY_RD,SECONDARY_RD,DISTANCE,DIRECTION,INTERSECTION,WEATHER_1,WEATHER_2,STATE_HWY_IND,CALTRANS_COUNTY,CALTRANS_DISTRICT,STATE_ROUTE,ROUTE_SUFFIX,POSTMILE_PREFIX,POSTMILE,LOCATION_TYPE,RAMP_INTERSECTION,SIDE_OF_HWY,TOW_AWAY,COLLISION_SEVERITY,NUMBER_KILLED,NUMBER_INJURED,PARTY_COUNT,PRIMARY_COLL_FACTOR,PCF_CODE_OF_VIOL,PCF_VIOL_CATEGORY,PCF_VIOLATION,PCF_VIOL_SUBSECTION,HIT_AND_RUN,TYPE_OF_COLLISION,MVIW,PED_ACTION,ROAD_SURFACE,ROAD_COND_1,ROAD_COND_2,LIGHTING,CONTROL_DEVICE,CHP_ROAD_TYPE,PEDESTRIAN_ACCIDENT,BICYCLE_ACCIDENT,MOTORCYCLE_ACCIDENT,TRUCK_ACCIDENT,NOT_PRIVATE_PROPERTY,ALCOHOL_INVOLVED,STWD_VEHTYPE_AT_FAULT,CHP_VEHTYPE_AT_FAULT,COUNT_SEVERE_INJ,COUNT_VISIBLE_INJ,COUNT_COMPLAINT_PAIN,COUNT_PED_KILLED,COUNT_PED_INJURED,COUNT_BICYCLIST_KILLED,COUNT_BICYCLIST_INJURED,COUNT_MC_KILLED,COUNT_MC_INJURED,PRIMARY_RAMP,SECONDARY_RAMP,LATITUDE,LONGITUDE,COUNTY,CITY,POINT_X,POINT_Y
91785059,2022,2022-05-31,9120,2022-05-25,2117,021279,,3,2,9,0800,0,1,2,,2,001,US-101,"OCEAN VIEW DR",633.00,N,N,A,-,Y,DN,,101,,,40.993,H,,R,Y,3,0,3,2,A,-,03,22350,,N,C,C,A,A,H,-,D,D,0,,,,,Y,,D,22,0,3,0,0,0,0,0,0,0,"- ","- ",41.934440612792969,-124.16780090332031,"DEL NORTE",UNINCORPORATED,-124.16780853271484,41.934425354003906
91786086,2022,2022-06-01,9120,2022-05-30,1818,017248,,1,2,9,0800,0,1,2,,2,004,US-199,"LITTLE JONES CREEK",2640.00,S,N,A,-,Y,DN,,199,,,24.410,H,,R,N,4,0,1,1,A,-,03,22350,,N,F,0,A,A,H,-,A,D,0,,,Y,,Y,,C,02,0,0,1,0,0,0,0,0,1,"- ","- ",41.8839111328125,-123.82586669921875,"DEL NORTE",UNINCORPORATED,-123.82586669921875,41.883865356445312
91786169,2022,2022-06-01,9120,2022-05-30,1149,015954,,1,1,9,0800,0,2,4,,2,030,"PARKWAY DR",US-199,130.00,E,N,A,-,N,,,,,,,,,,Y,2,0,2,1,A,-,08,22107,,N,E,I,A,A,H,-,A,D,0,,,,,Y,,A,01,1,1,0,0,0,0,0,0,0,"- ","- ",41.804088592529297,-124.13871002197266,"DEL NORTE",UNINCORPORATED,-124.13875579833984,41.804096221923828
91788526,2022,2022-06-06,9120,2022-05-29,1629,021279,,7,2,9,0800,0,1,2,,2,003,US-199,"PATRICK CREEK",2325.00,S,N,A,-,Y,,,,,,,,,,Y,3,0,3,1,A,-,01,23152,A,N,E,I,A,A,H,-,A,D,0,,,,,Y,Y,A,08,0,3,0,0,0,0,0,0,0,"- ","- ",,,"DEL NORTE",UNINCORPORATED,-123.85040283203125,41.871761322021484
91791802,2022,2022-06-09,9120,2022-06-04,1550,021329,,6,2,9,0800,0,1,2,,2,001,US-101,SR-197,430.00,S,N,C,-,Y,DN,,101,,,36.251,H,,R,N,4,0,1,2,A,-,08,22107,,N,B,C,A,B,H,-,A,D,0,,,,,Y,,-,"- ",0,0,1,0,0,0,0,0,0,"- ","- ",41.880699157714844,-124.13693237304688,"DEL NORTE",UNINCORPORATED,-124.13686370849609,41.880695343017578
91795939,2022,2022-06-15,9120,2022-06-11,1738,021329,,6,2,9,0800,0,3,5,,2,042,"ELK VALLEY CROSS RD","TURNBULL LN",7.00,E,N,C,-,N,,,,,,,,,,Y,3,0,1,1,A,-,03,22350,,N,E,I,A,B,H,-,A,D,0,,,,,Y,,A,01,0,1,0,0,0,0,0,0,0,"- ","- ",41.80902099609375,-124.15036773681641,"DEL NORTE",UNINCORPORATED,-124.15035247802734,41.808841705322266
91796732,2022,2022-06-16,9120,2022-06-13,2140,021221,,1,2,9,0800,0,1,2,,2,001,"UNITED STATES HIGHWAY 101","LOPEZ ROAD",686.00,S,N,A,-,Y,DN,,101,,,41.983,H,,R,Y,4,0,1,2,A,-,08,22107,,N,B,C,A,A,H,-,D,D,0,,,,,Y,,A,01,0,0,1,0,0,0,0,0,0,"- ","- ",41.941089630126953,-124.18492126464844,"DEL NORTE",UNINCORPORATED,-124.18492126464844,41.941089630126953
91803046,2022,2022-06-24,9120,2022-06-16,1930,021597,,4,2,9,0800,0,2,4,,2,030,"ELK VALLEY RD","CHURCH TREE ROAD",2300.00,S,N,A,-,N,,,,,,,,,,N,3,0,1,2,A,-,08,22107,,F,B,G,A,A,H,-,B,D,0,,Y,,,Y,Y,D,22,0,1,0,0,0,0,1,0,0,"- ","- ",41.785961151123047,-124.14749145507812,"DEL NORTE",UNINCORPORATED,-124.14757537841797,41.785839080810547
91809186,2022,2022-07-01,9120,2022-06-22,1050,015954,,3,1,9,0800,0,1,2,,2,003,US-199,"WALKER RD",0.00,,Y,A,-,Y,DN,,199,,,2.825,H,,R,Y,2,0,3,2,A,-,09,21801,A,N,D,C,A,A,H,-,A,D,0,,,,,Y,,A,01,2,1,0,0,0,0,0,0,0,"- ","- ",41.811531066894531,-124.10861968994141,"DEL NORTE",UNINCORPORATED,-124.10861968994141,41.811450958251953
91809209,2022,2022-07-01,9120,2022-06-24,2235,021221,,5,3,9,0800,0,1,2,,2,002,"UNITED STATES HIGHWAY 101","ARROWHEAD DR",0.00,,Y,A,-,Y,,,,,,,,,,Y,4,0,3,2,A,-,08,22107,,N,A,C,A,A,H,-,D,D,0,,,,,Y,,J,41,0,0,3,0,0,0,0,0,0,"- ","- ",,,"DEL NORTE",UNINCORPORATED,-124.14505004882812,41.826160430908203
91813339,2022,2022-07-08,9120,2022-06-30,1832,021161,,4,2,9,0800,0,2,4,,2,030,"ELK VALLEY RD","NORRIS AVENUE",0.00,,Y,A,-,N,,,,,,,,,,N,3,0,1,2,A,-,09,21804,A,N,D,C,A,A,H,-,A,D,0,,,Y,,Y,,A,08,0,1,0,0,0,0,0,0,1,"- ","- ",41.762630462646484,-124.16191864013672,"DEL NORTE",UNINCORPORATED,-124.16194152832031,41.762626647949219
91813541,2022,2022-07-11,9120,2022-07-01,1130,021161,,5,1,9,0800,0,3,5,,2,043,"PATRICK CREEK ROAD",US-199,31680.00,N,N,A,-,N,,,,,,,,,,N,2,0,1,1,A,-,03,22350,,N,F,I,A,A,H,-,A,D,0,,,Y,,Y,,-,"- ",1,0,0,0,0,0,0,0,1,"- ","- ",41.932720184326172,-123.82760620117188,"DEL NORTE",UNINCORPORATED,-123.85135650634766,41.906768798828125
91813556,2022,2022-07-11,9120,2022-07-02,1535,021677,,6,2,9,0800,0,2,4,,2,030,"ELK VALLEY RD","MAIDEN LANE",0.00,,Y,A,-,N,,,,,,,,,,N,3,0,1,2,A,-,08,22107,,F,B,G,A,A,H,-,A,D,0,,Y,,,Y,,-,99,0,1,0,0,0,0,1,0,0,"- ","- ",41.7535400390625,-121.18073272705078,"DEL NORTE",UNINCORPORATED,-124.18058013916016,41.753509521484375
91816500,2022,2022-07-13,9120,2022-07-05,1050,016629,,2,1,9,0800,0,1,2,,2,005,"RT 101","SANDMINE RD",2640.00,N,N,B,C,Y,DN,,101,,,24.960,H,,R,Y,3,0,4,2,A,-,09,21804,A,N,D,C,A,B,H,-,A,D,0,,,,,Y,,A,07,0,1,3,0,0,0,0,0,0,"- ","- ",41.744430541992188,-124.17201232910156,"DEL NORTE",UNINCORPORATED,-124.17205047607422,41.744361877441406
91817571,2022,2022-07-14,9120,2022-07-07,1135,016629,,4,1,9,0800,0,1,2,,2,002,"RT 101","ELK VALLEY CROSS RD",0.00,,Y,B,-,Y,,,,,,,,,,N,4,0,1,2,A,-,09,21804,A,N,D,C,A,B,H,-,A,D,0,,,,,Y,,A,01,0,0,1,0,0,0,0,0,0,"- ","- ",41.7747802734375,-124.19194030761719,"DEL NORTE",UNINCORPORATED,,
91817966,2022,2022-07-15,9120,2022-07-06,1626,021279,,3,2,9,0800,0,1,2,,2,005,"US-101 S/B","RUDISILL RD",3684.00,N,N,B,-,Y,DN,,101,,,14.622,H,,L,Y,3,0,4,2,A,-,03,22350,,N,A,C,A,B,H,-,A,D,0,,,,,Y,,E,22,0,4,0,0,0,0,0,0,0,"- ","- ",41.628948211669922,-124.1124267578125,"DEL NORTE",UNINCORPORATED,-124.11235046386719,41.628971099853516
91819344,2022,2022-07-18,9120,2022-07-13,1154,021161,,3,1,9,0800,0,1,2,,2,002,US-101,"A DRIVE",342.00,S,N,B,-,Y,DN,,101,,,27.358,H,,R,N,4,0,2,2,A,-,08,22107,,N,C,C,A,A,H,-,A,D,0,,,,,Y,,A,08,0,0,2,0,0,0,0,0,0,"- ","- ",41.766929626464844,-124.19322204589844,"DEL NORTE",UNINCORPORATED,-124.19315338134766,41.766872406005859
91821137,2022,2022-07-20,9120,2022-07-13,1500,017248,,3,2,9,0800,0,1,2,,2,003,US-199,"HARDSCRABBLE CREEK BRIDGE",600.00,S,N,A,-,Y,DN,,199,,,10.895,H,,R,Y,4,0,2,1,A,-,08,22107,,N,E,I,A,A,H,-,A,D,0,,,,,Y,,A,07,0,0,2,0,0,0,0,0,0,"- ","- ",41.839351654052734,-124.02864837646484,"DEL NORTE",UNINCORPORATED,-124.02864074707031,41.839302062988281
91821211,2022,2022-07-20,9120,2022-07-19,0248,021161,,2,3,9,0800,0,1,2,,2,003,US-199,"FOREST ROUTE 17N49",2100.00,S,N,A,-,Y,DN,,199,,,11.360,H,,R,N,4,0,1,1,A,-,03,22350,,N,E,I,A,A,H,-,D,D,0,,,,,Y,Y,A,01,0,0,1,0,0,0,0,0,0,"- ","- ",41.842369079589844,-124.02247619628906,"DEL NORTE",UNINCORPORATED,-124.02248382568359,41.842369079589844
91823168,2022,2022-07-22,9120,2022-07-19,1535,017248,,2,2,9,0800,0,1,2,,2,006,US-199,"PATRICK CREEK BRIDGE",750.00,S,N,A,-,Y,DN,,199,,R,21.901,H,,R,Y,4,0,1,1,A,-,08,22107,,N,E,I,A,A,H,-,A,D,0,,,,,Y,,A,07,0,0,1,0,0,0,0,0,0,"- ","- ",41.872661590576172,-123.84538269042969,"DEL NORTE",UNINCORPORATED,-123.84550476074219,41.872772216796875
91829419,2022,2022-08-01,9120,2022-07-22,1614,021597,YUROK,5,2,9,0800,0,3,5,,2,044,"REQUA RD","FIZER RD",1370.00,W,N,A,-,N,,,,,,,,,,Y,3,0,2,1,A,-,01,23152,A,N,F,I,A,A,H,-,A,D,0,,,,,Y,Y,D,22,0,2,0,0,0,0,0,0,0,"- ","- ",41.546989440917969,-124.07485961914062,"DEL NORTE",UNINCORPORATED,,
91830588,2022,2022-08-02,9120,2022-07-30,1955,021677,,6,2,9,0800,0,1,2,,2,002,"US 101 SOUTHBOUND","LAKE EARL DR",2.00,S,N,B,-,Y,,,,,,,,,,N,3,0,1,1,A,-,01,23152,A,N,F,A,A,A,H,-,B,D,0,,,,,Y,Y,A,01,0,1,0,0,0,0,0,0,0,"- ","- ",41.876750946044922,-121.1380615234375,"DEL NORTE",UNINCORPORATED,-124.13777160644531,41.876773834228516
91833888,2022,2022-08-05,9120,2022-07-28,1732,017248,,4,2,9,0800,0,1,2,,2,004,US-199,"OREGON MOUNTAIN ROAD (NORTH)",528.00,N,N,A,-,Y,DN,,199,,,35.127,H,,R,Y,2,0,1,1,A,-,08,22107,,N,E,I,A,A,H,-,A,D,0,,,,,Y,,A,01,1,0,0,0,0,0,0,0,0,"- ","- ",41.979568481445312,-123.72071075439453,"DEL NORTE",UNINCORPORATED,-123.72074890136719,41.979595184326172
91834525,2022,2022-08-11,9120,2022-07-29,1015,017994,,5,1,9,0800,0,2,4,,2,027,"LAKE EARL DRIVE","LOWER LAKE ROAD",600.00,N,N,A,-,N,,,,,,,,,,Y,4,0,1,2,A,-,08,22107,,N,D,C,A,A,H,-,A,D,0,,,,,Y,,A,01,0,0,1,0,0,0,0,0,0,"- ","- ",41.839790344238281,-124.16423034667969,"DEL NORTE",UNINCORPORATED,-124.16361999511719,41.841056823730469
91835539,2022,2022-08-08,9120,2022-08-05,0935,016629,,5,1,9,0800,0,1,2,,2,001,"RT 101","LOPEZ RD",2112.00,S,N,A,-,Y,DN,,101,,,42.054,H,,R,Y,3,0,1,1,A,-,08,22107,,N,E,8,A,A,H,-,A,D,0,,,,,Y,,A,08,0,1,0,0,0,0,0,0,0,"- ","- ",41.941638946533203,-124.18611907958984,"DEL NORTE",UNINCORPORATED,-124.18613433837891,41.941623687744141
91843534,2022,2022-08-18,9120,2022-08-12,0555,015954,,5,3,9,0800,0,1,2,,2,004,US-199,"LITTLE JONES CREEK",1056.00,S,N,A,-,Y,DN,,199,,,24.432,H,,R,Y,4,0,1,1,A,-,03,22350,,N,F,I,A,A,H,-,A,D,0,,,,Y,Y,,G,25,0,0,1,0,0,0,0,0,0,"- ","- ",41.883838653564453,-123.82546234130859,"DEL NORTE",UNINCORPORATED,-123.82547760009766,41.883808135986328
91847056,2022,2022-08-23,9120,2022-07-27,1719,021279,,3,2,9,0800,0,2,4,,2,027,"NORTHCREST DRIVE","HOOVER AVENUE",0.00,,Y,A,-,N,,,,,,,,,,Y,1,1,0,2,A,-,09,21802,A,N,D,C,A,A,H,-,A,A,0,,,Y,,Y,,C,02,0,0,0,0,0,0,0,1,0,"- ","- ",41.770881652832031,-124.19989776611328,"DEL NORTE",UNINCORPORATED,-124.19985198974609,41.770969390869141
91850924,2022,2022-08-26,9120,2022-08-17,1825,021597,,3,2,9,0800,0,2,4,,2,029,"WASHINGTON BLVD","CALIFORNIA STREET",86.00,W,N,B,-,N,,,,,,,,,,Y,3,0,3,2,A,-,09,21804,A,N,A,C,A,A,H,-,A,D,0,,,,,Y,,A,07,0,3,0,0,0,0,0,0,0,"- ","- ",41.772819519042969,-124.2030029296875,"DEL NORTE",UNINCORPORATED,-124.20289611816406,41.772769927978516
91853451,2022,2022-08-30,9120,2022-08-22,0142,021863,,1,3,9,0800,0,1,2,,2,005,US-101,"HAMILTON RD",6336.00,S,N,A,-,Y,DN,,101,,,21.335,H,,R,Y,3,0,3,2,A,-,03,22350,,N,E,I,E,A,H,-,D,A,0,Y,,,,Y,,D,22,0,2,1,0,1,0,0,0,0,"- ","- ",41.709499359130859,-124.12857818603516,"DEL NORTE",UNINCORPORATED,-124.12859344482422,41.709548950195312
91855165,2022,2022-09-01,9120,2022-08-20,1110,017994,,6,1,9,0800,0,1,2,,2,005,US-101,"HUMBOLDT RD",203.00,S,N,A,-,N,,,,,,,,,,Y,3,0,1,2,A,-,03,22350,,N,C,C,A,A,H,-,A,D,0,,,,,Y,,A,07,0,1,0,0,0,0,0,0,0,"- ","- ",41.736141204833984,-124.15409851074219,"DEL NORTE",UNINCORPORATED,-124.15409851074219,41.73614501953125
91861034,2022,2022-09-09,9120,2022-08-28,1919,021085,,7,2,9,0800,0,2,4,,2,030,"PARKWAY DRIVE","EMILY LANE",45.00,N,N,A,-,N,,,,,,,,,,Y,3,0,1,1,C,-,18,,,N,E,I,A,A,H,-,A,D,0,,,,,Y,,-,"- ",0,1,0,0,0,0,0,0,0,"- ","- ",41.784599304199219,-124.16721343994141,"DEL NORTE",UNINCORPORATED,-124.16716766357422,41.784523010253906
91864455,2022,2022-09-14,9120,2022-09-09,2005,021329,,5,2,9,0800,0,1,2,,2,004,US-199,"PATRICK CREEK",3168.00,N,N,A,-,Y,DN,,199,,,22.742,H,,R,Y,3,0,1,1,A,-,01,23152,A,N,E,I,A,A,H,-,D,D,0,,,,,Y,Y,A,01,0,1,0,0,0,0,0,0,0,"- ","- ",41.868370056152344,-123.83759307861328,"DEL NORTE",UNINCORPORATED,-123.83760833740234,41.868358612060547
91864629,2022,2022-09-14,9120,2022-09-05,1755,017248,,1,2,9,0800,0,1,2,,2,003,US-199,"HARDSCRABBLE CREEK BRIDGE",608.00,N,N,A,-,Y,DN,,199,,,11.111,H,,R,Y,3,0,1,1,A,-,08,22107,,N,E,I,A,A,H,-,A,D,0,,,,,Y,,D,22,0,1,0,0,0,0,0,0,0,"- ","- ",41.839210510253906,-124.02430725097656,"DEL NORTE",UNINCORPORATED,-124.02436065673828,41.839282989501953
91864658,2022,2022-09-14,9120,2022-09-06,0518,021161,,2,3,9,0800,0,2,4,,2,030,"PARKWAY DRIVE",US-199,100.00,E,N,A,-,N,,,,,,,,,,N,3,0,1,1,A,-,03,22350,,N,E,I,A,A,H,-,D,D,0,,,,,Y,,A,01,0,1,0,0,0,0,0,0,0,"- ","- ",41.804721832275391,-124.13765716552734,"DEL NORTE",UNINCORPORATED,-124.13878631591797,41.804176330566406
91866623,2022,2022-09-16,9120,2022-09-06,0519,021161,,2,3,9,0800,0,2,4,,2,030,"PARKWAY DRIVE",US-199,79.00,E,N,A,-,N,,,,,,,,,,N,3,0,1,1,A,-,03,22350,,N,E,I,A,A,H,-,D,D,0,,,,,Y,,J,48,0,1,0,0,0,0,0,0,0,"- ","- ",41.804248809814453,-124.13864898681641,"DEL NORTE",UNINCORPORATED,-124.13881683349609,41.804229736328125
91867842,2022,2022-09-19,9120,2022-09-09,1529,021329,,5,2,9,0800,0,1,2,,2,003,US-199,"PARKWAY DRIVE",3168.00,N,N,A,-,Y,DN,,199,,,1.304,H,,R,N,2,0,1,1,A,-,08,22107,,N,E,I,A,A,H,-,A,D,0,,,Y,,Y,,C,02,1,0,0,0,0,0,0,0,1,"- ","- ",41.808391571044922,-124.12962341308594,"DEL NORTE",UNINCORPORATED,-124.129638671875,41.808479309082031
91869415,2022,2022-09-21,9120,2022-09-08,1322,021677,,4,1,2,0801,0,2,4,,2,027,"LAKE EARL DR","ELK VALLEY CROSS RD",7.00,W,N,A,-,N,,,,,,,,,,Y,2,0,3,2,A,-,09,21802,A,N,D,C,A,A,H,-,A,A,0,,,,,Y,,A,01,1,2,0,0,0,0,0,0,0,"- ","- ",41.812339782714844,-124.16475677490234,"DEL NORTE","CRESCENT CITY",-124.16478729248047,41.812301635742188
91869902,2022,2022-09-21,9120,2022-09-09,2145,021446,,5,2,9,0800,0,1,2,,2,005,US-101,"MILL CREEK CAMPGROUND",7656.00,N,N,A,-,Y,DN,,101,,,18.904,H,,R,Y,3,0,1,1,A,-,08,22107,,N,E,I,A,A,H,-,D,D,0,,,,,Y,,A,01,0,1,0,0,0,0,0,0,0,"- ","- ",41.685279846191406,-124.10753631591797,"DEL NORTE",UNINCORPORATED,-124.10752105712891,41.685264587402344
91869907,2022,2022-09-21,9120,2022-09-10,1620,021677,,6,2,9,0800,0,1,2,,2,001,"RT 101","N. INDIAN RD",5.00,N,N,A,-,Y,DN,,101,,,43.576,H,,R,Y,3,0,3,2,A,-,03,22350,,N,C,C,A,A,H,-,A,A,0,,,,,Y,,D,22,0,3,0,0,0,0,0,0,0,"- ","- ",41.957241058349609,-124.20426177978516,"DEL NORTE",UNINCORPORATED,-124.20413208007812,41.957218170166016
91871021,2022,2022-09-22,9120,2022-09-16,0802,015954,,5,1,9,0800,0,3,5,,2,042,"KINGS VALLEY RD","EVERT SARGENT LN",528.00,W,N,B,-,N,,,,,,,,,,Y,3,0,1,1,A,-,08,22107,,N,E,I,A,A,H,-,A,D,0,,,,,Y,,A,08,0,1,0,0,0,0,0,0,0,"- ","- ",41.864398956298828,-124.14396667480469,"DEL NORTE",UNINCORPORATED,-124.14427947998047,41.864437103271484
91871180,2022,2022-09-22,9120,2022-09-18,1916,021329,,7,2,9,0800,0,1,2,,2,003,US-199,"WALKER ROAD",4224.00,S,N,B,-,Y,DN,,199,,,2.049,H,,R,Y,3,0,1,1,A,-,03,22350,,N,E,I,A,B,H,-,D,D,0,,,,,Y,,A,01,0,1,0,0,0,0,0,0,0,"- ","- ",41.810539245605469,-124.12132263183594,"DEL NORTE",UNINCORPORATED,-124.12131500244141,41.810535430908203
91873630,2022,2022-09-26,9120,2022-09-18,1215,017994,,7,1,9,0800,0,1,2,,2,005,US-101,"WILSON CREEK RD",6336.00,N,N,B,C,Y,DN,,101,,,13.304,H,,R,N,4,0,1,1,A,-,07,21658,A,N,E,I,A,B,H,-,A,D,0,,,,,Y,,D,22,0,0,1,0,0,0,0,0,0,"- ","- ",41.612781524658203,-124.10569763183594,"DEL NORTE",UNINCORPORATED,-124.10572052001953,41.612777709960938
91874754,2022,2022-09-27,9120,2022-09-18,2000,021085,,7,2,9,0800,0,2,4,,2,030,"ELK VALLEY ROAD","NORRIS AVENUE",0.00,,Y,A,-,N,,,,,,,,,,N,3,0,1,2,A,-,05,21460,A,F,B,C,A,A,H,-,D,D,0,,,,,Y,,-,99,0,1,0,0,0,0,0,0,0,"- ","- ",41.762630462646484,-124.16194152832031,"DEL NORTE",UNINCORPORATED,-124.16194152832031,41.762626647949219
91885207,2022,2022-10-07,9120,2022-10-05,1522,019348,,3,2,9,0800,0,2,4,,2,027,"LAKE EARL DR","AUDREE LANE",0.00,,Y,B,-,N,,,,,,,,,,N,4,0,1,2,A,-,08,22107,,N,B,C,A,A,H,-,A,D,0,,,,,Y,,D,22,0,0,1,0,0,0,0,0,0,"- ","- ",41.816749572753906,-124.16461181640625,"DEL NORTE",UNINCORPORATED,-124.16458129882812,41.816699981689453
91886580,2022,2022-10-10,9120,2022-09-28,0850,016629,,3,1,9,0800,0,1,2,,2,005,"RT 101","MILL CREEK CAMPGROUND ROAD",3168.00,S,N,B,-,Y,,,,,,,,,,Y,2,0,2,1,A,-,08,22107,,N,E,I,A,A,H,-,A,D,0,,,,,Y,,D,22,1,1,0,0,0,0,0,0,0,"- ","- ",,,"DEL NORTE",UNINCORPORATED,,
91888282,2022,2022-10-12,9120,2022-09-30,0735,019348,,5,1,9,0800,1,1,2,,2,001,"US-101 NORTHBOUND","5TH ST.",0.00,,Y,A,-,Y,DN,,101,,,26.436,H,,R,Y,4,0,2,2,A,-,12,21453,A,N,D,C,A,A,H,-,A,A,0,,,,,Y,,H,13,0,0,2,0,0,0,0,0,0,"- ","- ",41.755931854248047,-124.19467926025391,"DEL NORTE",UNINCORPORATED,-124.19465637207031,41.755943298339844
91888525,2022,2022-10-12,9120,2022-10-04,1145,015954,,2,1,9,0800,0,1,2,,2,001,US-199,"OREGON MOUNTAIN RD",10032.00,N,N,A,-,Y,DN,,199,,,33.165,H,,R,N,4,0,1,2,A,-,03,22350,,N,G,B,E,A,H,-,A,A,0,Y,,,,Y,,A,01,0,0,1,0,1,0,0,0,0,"- ","- ",41.963581085205078,-123.74669647216797,"DEL NORTE",UNINCORPORATED,-123.74664306640625,41.963588714599609
91889608,2022,2022-10-13,9120,2022-10-01,0645,017994,,6,1,9,0800,0,1,2,,2,005,US-101,"HUMBOLDT RD",15.00,N,N,B,-,Y,DN,,101,,,24.407,H,,R,Y,4,0,2,1,C,-,18,,,N,H,H,A,A,H,-,C,D,0,,,,,Y,,-,"- ",0,0,2,0,0,0,0,0,0,"- ","- ",41.740131378173828,-124.16251373291016,"DEL NORTE",UNINCORPORATED,-124.16250610351562,41.740135192871094
91890344,2022,2022-10-14,9120,2022-10-04,0000,021279,,2,3,9,0800,0,1,2,,2,006,"US-101 N/B","MORRISON CREEK RD",1258.00,S,N,A,-,Y,DN,,101,,,38.253,H,,R,Y,3,0,2,1,A,-,01,23152,F,N,E,I,A,A,H,-,D,D,0,,,,Y,Y,,G,25,0,2,0,0,0,0,0,0,0,"- ","- ",41.909690856933594,-124.13654327392578,"DEL NORTE",UNINCORPORATED,-124.13661193847656,41.909690856933594
91892020,2022,2022-10-17,9120,2022-10-07,1520,021677,,5,2,9,0800,0,1,2,,2,004,"RT 199","MILE MARKER 3.00",30.00,S,N,A,-,Y,,,,,,,,,,Y,2,0,1,1,A,-,08,22107,,N,F,A,A,A,H,-,A,D,0,,,,,Y,,-,"- ",1,0,0,0,0,0,0,0,0,"- ","- ",41.807868957519531,-121.12715148925781,"DEL NORTE",UNINCORPORATED,,
91892702,2022,2022-10-18,9120,2022-10-08,0930,021161,,6,1,9,0800,0,2,S,,2,700,"NORTHCREST DRIVE","MADISON AVENUE",105.00,E,N,B,-,N,,,,,,,,,,Y,3,0,1,1,A,-,12,22450,,N,E,I,A,A,H,-,A,D,0,,,,,Y,,A,08,0,1,0,0,0,0,0,0,0,"- ","- ",41.778118133544922,-124.19898223876953,"DEL NORTE",UNINCORPORATED,-124.19910430908203,41.778465270996094
91892740,2022,2022-10-18,9120,2022-08-07,1405,021085,,7,2,9,0800,0,3,5,,2,042,"SARINA ROAD",US-101,609.00,W,N,B,-,N,,,,,,,,,,Y,1,1,0,1,A,-,08,22107,,N,E,I,A,A,H,-,A,D,0,,,,,Y,,A,01,0,0,0,0,0,0,0,0,0,"- ","- ",41.932659149169922,-124.16548156738281,"DEL NORTE",UNINCORPORATED,-124.16546630859375,41.933971405029297
91896213,2022,2022-10-21,9120,2022-10-14,2204,021279,,5,3,9,0800,0,3,5,,2,042,"N. PEBBLE BEACH DRIVE","DALE RUPERT RD",1852.00,W,N,E,-,N,,,,,,,,,,Y,2,0,2,1,A,-,01,23152,A,N,E,I,A,A,H,-,D,D,0,,,,,Y,Y,A,01,1,1,0,0,0,0,0,0,0,"- ","- ",41.773151397705078,-124.24530792236328,"DEL NORTE",UNINCORPORATED,-124.24521636962891,41.773189544677734
91899137,2022,2022-10-25,9120,2022-10-21,1245,015954,,5,1,9,0800,0,2,4,,2,029,"WASHINGTON BOULEVARD","SUMMER LANE",138.00,E,N,A,-,N,,,,,,,,,,N,4,0,1,2,A,-,03,22350,,N,C,C,A,A,H,-,A,D,0,,,,,Y,,A,01,0,0,1,0,0,0,0,0,0,"- ","- ",41.772750854492188,-124.19062805175781,"DEL NORTE",UNINCORPORATED,-124.19064331054688,41.772716522216797
91904411,2022,2022-10-28,9120,2022-10-20,0540,017994,,4,3,9,0800,0,3,5,,2,045,"HUMBOLDT RD","HOWLAND HILL RD",0.00,,Y,E,-,N,,,,,,,,,,Y,3,0,1,1,A,-,09,21804,A,N,E,I,A,A,H,-,C,A,0,,,,,Y,Y,-,"- ",0,1,0,0,0,0,0,0,0,"- ","- ",41.758251190185547,-124.15638732910156,"DEL NORTE",UNINCORPORATED,-124.15643310546875,41.758228302001953
91910026,2022,2022-11-04,9120,2022-10-27,1705,021597,,4,2,9,0800,0,1,2,,2,002,US-101,"ARROWHEAD LN",80.00,N,N,A,-,Y,DN,,101,,,32.461,H,,R,N,3,0,1,1,A,-,08,22107,,N,F,A,A,A,H,-,A,A,0,,,Y,,Y,,C,02,0,1,0,0,0,0,0,0,1,"- ","- ",41.826370239257812,-124.14491271972656,"DEL NORTE",UNINCORPORATED,-124.14499664306641,41.826374053955078
91913151,2022,2022-11-08,9120,2022-10-29,1615,021597,,6,2,9,0800,0,1,2,,2,004,US-199,"PATRICK CREEK RD",3600.00,N,N,A,-,Y,DN,,199,,,22.813,H,,R,N,3,0,1,1,C,-,18,,,N,E,J,A,A,H,-,A,A,0,,,,,Y,,-,"- ",0,1,0,0,0,0,0,0,0,"- ","- ",41.867759704589844,-123.83648681640625,"DEL NORTE",UNINCORPORATED,-123.83650207519531,41.867744445800781