CASE_ID,ACCIDENT_YEAR,PROC_DATE,JURIS,COLLISION_DATE,COLLISION_TIME,OFFICER_ID,REPORTING_DISTRICT,DAY_OF_WEEK,CHP_SHIFT,POPULATION,CNTY_CITY_LOC,SPECIAL_COND,BEAT_TYPE,CHP_BEAT_TYPE,CITY_DIVISION_LAPD,CHP_BEAT_CLASS,BEAT_NUMBER,PRIMARY_RD,SECONDARY_RD,DISTANCE,DIRECTION,INTERSECTION,WEATHER_1,WEATHER_2,STATE_HWY_IND,CALTRANS_COUNTY,CALTRANS_DISTRICT,STATE_ROUTE,ROUTE_SUFFIX,POSTMILE_PREFIX,POSTMILE,LOCATION_TYPE,RAMP_INTERSECTION,SIDE_OF_HWY,TOW_AWAY,COLLISION_SEVERITY,NUMBER_KILLED,NUMBER_INJURED,PARTY_COUNT,PRIMARY_COLL_FACTOR,PCF_CODE_OF_VIOL,PCF_VIOL_CATEGORY,PCF_VIOLATION,PCF_VIOL_SUBSECTION,HIT_AND_RUN,TYPE_OF_COLLISION,MVIW,PED_ACTION,ROAD_SURFACE,ROAD_COND_1,ROAD_COND_2,LIGHTING,CONTROL_DEVICE,CHP_ROAD_TYPE,PEDESTRIAN_ACCIDENT,BICYCLE_ACCIDENT,MOTORCYCLE_ACCIDENT,TRUCK_ACCIDENT,NOT_PRIVATE_PROPERTY,ALCOHOL_INVOLVED,STWD_VEHTYPE_AT_FAULT,CHP_VEHTYPE_AT_FAULT,COUNT_SEVERE_INJ,COUNT_VISIBLE_INJ,COUNT_COMPLAINT_PAIN,COUNT_PED_KILLED,COUNT_PED_INJURED,COUNT_BICYCLIST_KILLED,COUNT_BICYCLIST_INJURED,COUNT_MC_KILLED,COUNT_MC_INJURED,PRIMARY_RAMP,SECONDARY_RAMP,LATITUDE,LONGITUDE,COUNTY,CITY,POINT_X,POINT_Y
91914005,2022,2022-11-09,9120,2022-10-30,0750,019348,,7,1,9,0800,0,1,2,,2,005,US-101,"MILL CREEK",11616.00,S,N,A,-,Y,DN,,101,,,15.514,H,,R,Y,4,0,1,1,A,-,08,22107,,N,E,I,A,A,H,-,B,D,0,,,,,Y,,A,01,0,0,1,0,0,0,0,0,0,"- ","- ",41.640590667724609,-124.11540985107422,"DEL NORTE",UNINCORPORATED,-124.11519622802734,41.640628814697266
91915272,2022,2022-11-10,9120,2022-11-04,1550,021329,,5,2,9,0800,0,3,5,,2,043,"ELK VALLEY CROSS RD",US-199,29.00,N,N,C,-,N,,,,,,,,,,N,4,0,1,2,A,-,03,22350,,N,D,C,A,B,H,-,A,D,0,,,,,Y,,D,22,0,0,1,0,0,0,0,0,0,"- ","- ",41.804561614990234,-124.14327239990234,"DEL NORTE",UNINCORPORATED,-124.14324188232422,41.804428100585938
91918522,2022,2023-08-02,9120,2022-09-21,0304,021677,,3,3,9,0800,0,2,4,,2,030,"ELK VALLEY ROAD","EAST JEFFERSON STREET",459.50,S,N,B,-,N,,,,,,,,,,Y,1,1,0,1,A,-,08,22107,,N,E,I,A,B,H,-,D,D,0,,,,,Y,,-,"- ",0,0,0,0,0,0,0,0,0,"- ","- ",41.775100708007812,-124.15261077880859,"DEL NORTE",UNINCORPORATED,-124.15242767333984,41.775157928466797
91919160,2022,2022-11-16,9120,2022-11-05,0430,021677,,6,3,9,0800,0,1,2,,2,004,"RT 199",199DN17.50,36.00,N,N,C,-,Y,DN,,199,,R,17.457,H,,R,Y,3,0,1,1,C,-,18,,,N,E,J,A,B,B,-,D,D,0,,,,,Y,,-,"- ",0,1,0,0,0,0,0,0,0,"- ","- ",41.847251892089844,-123.91488647460938,"DEL NORTE",UNINCORPORATED,-123.91493225097656,41.847270965576172
91919358,2022,2022-11-16,9120,2022-11-07,1205,016629,,1,1,9,0800,0,2,4,,2,028,"FRED HAIGHT DR","NORTH ST",0.00,,Y,B,C,N,,,,,,,,,,N,4,0,1,2,A,-,09,21804,A,N,D,C,A,B,H,-,A,D,0,,,,,Y,,A,01,0,0,1,0,0,0,0,0,0,"- ","- ",41.928470611572266,-124.14608001708984,"DEL NORTE",UNINCORPORATED,-124.146063,41.928438
91925156,2022,2022-11-23,9120,2022-11-13,2142,021221,,7,2,9,0800,0,1,2,,2,002,"UNITED STATES HIGHWAY 101","WASHINGTON BLVD",75.00,S,N,A,-,Y,,,,,,,,,,N,3,0,1,1,A,-,01,23152,A,N,E,I,A,A,D,-,D,D,0,,,,,Y,Y,A,01,0,1,0,0,0,0,0,0,0,"- ","- ",41.772499084472656,-124.18859100341797,"DEL NORTE",UNINCORPORATED,-124.18783569335938,41.772182464599609
91925786,2022,2022-11-23,9120,2022-11-17,0650,021161,,4,1,9,0800,0,1,2,,2,004,US-199,"SISKIYOU FORK ROAD",8976.00,N,N,A,-,Y,DN,,199,,,27.130,H,,R,N,4,0,1,1,A,-,03,22350,,N,F,I,A,A,H,-,A,A,0,,,,Y,Y,,G,25,0,0,1,0,0,0,0,0,0,"- ","- ",41.8951416015625,-123.785400390625,"DEL NORTE",UNINCORPORATED,-123.78541564941406,41.895137786865234
91925801,2022,2022-11-23,9120,2022-11-16,0754,021161,,3,1,9,0800,0,3,5,,2,042,"ARLINGTON DR","COLONIAL COURT",0.00,,Y,A,-,N,,,,,,,,,,N,4,0,1,2,A,-,09,21801,A,N,D,C,A,A,H,-,A,D,0,,,,,Y,,D,22,0,0,1,0,0,0,0,0,0,"- ","- ",41.773578643798828,-124.21060180664062,"DEL NORTE",UNINCORPORATED,-124.21060943603516,41.773525238037109
91926212,2022,2022-11-24,9120,2022-11-17,0650,015954,,4,1,9,0800,0,3,5,,2,042,"MADISON AVE","NORTHCREST DR",195.00,W,N,A,-,N,,,,,,,,,,N,2,0,1,1,C,-,18,,,N,E,H,A,A,H,-,A,D,0,,,Y,,Y,,-,"- ",1,0,0,0,0,0,0,0,1,"- ","- ",41.778129577636719,-124.20024108886719,"DEL NORTE",UNINCORPORATED,-124.19988250732422,41.778179168701172
91927216,2022,2022-11-28,9120,2022-11-16,2500,017994,,3,4,9,0800,0,1,2,,2,005,"RT 101","MILL CREEK",22704.00,S,N,A,-,Y,,,,,,,,,,Y,2,0,1,1,A,-,01,23152,A,N,E,I,A,A,H,-,B,D,0,,,,Y,Y,Y,F,27,1,0,0,0,0,0,0,0,0,"- ","- ",41.650909423828125,-124.11306762695312,"DEL NORTE",UNINCORPORATED,,
91930538,2022,2022-11-30,9120,2022-11-18,0605,015954,,5,1,9,0800,0,2,4,,2,027,"LAKE EARL DR","SKYCREST DR",175.00,S,N,A,-,N,,,,,,,,,,Y,3,0,1,1,A,-,08,22107,,N,E,I,A,A,H,-,C,D,0,,,,,Y,,A,07,0,1,0,0,0,0,0,0,0,"- ","- ",41.822738647460938,-124.16522979736328,"DEL NORTE",UNINCORPORATED,-124.16529083251953,41.822898864746094
91932870,2022,2022-12-02,9120,2022-11-19,1635,021329,,6,2,9,0800,0,1,2,,2,003,US-199,"PATRICK CREEK",1897.00,S,N,A,-,Y,DN,,199,,,21.728,H,,R,Y,2,0,1,1,A,-,08,22107,,N,E,8,A,A,H,-,A,D,0,,,,,Y,,A,01,1,0,0,0,0,0,0,0,0,"- ","- ",41.872001647949219,-123.84868621826172,"DEL NORTE",UNINCORPORATED,-123.84865570068359,41.871925354003906
91933224,2022,2022-12-05,9120,2022-11-25,1702,021329,,5,2,9,0800,0,1,2,,2,003,US-199,"HARDSCRABBLE CREEK",2760.00,S,N,B,-,Y,DN,,199,,,10.514,H,,R,Y,3,0,1,1,A,-,01,23152,A,N,E,I,A,A,H,-,D,D,0,,,,,Y,Y,D,22,0,1,0,0,0,0,0,0,0,"- ","- ",41.838809967041016,-124.03585815429688,"DEL NORTE",UNINCORPORATED,-124.03585815429688,41.838809967041016
91933454,2022,2022-12-05,9120,2022-11-23,1105,017994,,3,1,9,0800,0,3,5,,2,045,"ROY AVE","ENDERT ST",0.00,,Y,A,-,N,,,,,,,,,,N,4,0,1,2,A,-,01,23152,F,N,D,C,A,A,H,-,A,A,0,,,,,Y,,A,07,0,0,1,0,0,0,0,0,0,"- ","- ",41.744731903076172,-124.15177917480469,"DEL NORTE",UNINCORPORATED,-124.15167999267578,41.744663238525391
91936706,2022,2022-12-07,9120,2022-12-03,0020,021446,,6,3,9,0800,0,3,5,,2,042,"ELK VALLEY CROSS RD","APPLE CT.",127.00,E,N,A,-,N,,,,,,,,,,Y,3,0,1,1,A,-,08,22107,,N,E,I,A,A,H,-,D,D,0,,,,,Y,Y,A,01,0,1,0,0,0,0,0,0,0,"- ","- ",41.80950927734375,-124.15637969970703,"DEL NORTE",UNINCORPORATED,-124.15641021728516,41.809574127197266
91936745,2022,2022-12-07,9120,2022-11-24,1315,017994,,4,1,9,0800,0,2,4,,2,030,"ELK VALLEY RD","RT 101",890.00,E,N,A,-,N,,,,,,,,,,N,4,0,3,2,A,-,06,21750,A,F,C,C,A,A,H,-,A,D,0,,,,,Y,,A,07,0,0,3,0,0,0,0,0,0,"- ","- ",41.753040313720703,-124.18287658691406,"DEL NORTE",UNINCORPORATED,,
91937221,2022,2022-12-08,9120,2022-12-02,1752,021329,,5,2,9,0800,0,2,4,,2,027,"NORTHCREST DRIVE","EAST HOOVER AVENUE",71.00,S,N,A,-,N,,,,,,,,,,N,4,0,2,2,A,-,03,22350,,N,C,C,A,A,H,-,D,D,0,,,,,Y,,D,22,0,0,2,0,0,0,0,0,0,"- ","- ",41.770748138427734,-124.19983673095703,"DEL NORTE",UNINCORPORATED,-124.19977569580078,41.770751953125
91937510,2022,2022-12-08,9120,2022-12-03,1332,021329,,6,1,9,0800,0,2,4,,2,029,"PACIFIC AVENUE","EL DORADO STREET",2.00,W,N,B,-,N,,,,,,,,,,N,4,0,1,2,A,-,09,21800,A,N,A,C,A,A,H,-,A,A,0,,,,,Y,,A,01,0,0,1,0,0,0,0,0,0,"- ","- ",41.758270263671875,-124.20929718017578,"DEL NORTE",UNINCORPORATED,-124.20920562744141,41.758228302001953
91947495,2022,2022-12-20,9120,2022-12-13,0846,016629,,2,1,9,0800,0,2,4,,2,030,"KINGS VALLEY RD","SOUTH KRAFT ROAD",2640.00,N,N,B,-,N,,,,,,,,,,Y,3,0,1,1,A,-,01,23152,A,N,E,I,A,A,H,-,A,D,0,,,,,Y,Y,D,22,0,1,0,0,0,0,0,0,0,"- ","- ",41.821678161621094,-124.13581848144531,"DEL NORTE",UNINCORPORATED,-124.13576507568359,41.822341918945312
91949411,2022,2022-12-22,9125,2022-12-19,0140,021677,,1,3,9,0800,0,1,S,,2,904,"SR 299","N. BANK ROAD",950.00,E,N,A,-,Y,HUM,,299,,R,2.057,H,,R,Y,4,0,1,1,C,-,18,,,N,H,H,A,C,D,-,D,D,0,,,,,Y,,-,"- ",0,0,1,0,0,0,0,0,0,"- ","- ",40.909561157226562,-124.05322265625,"DEL NORTE",UNINCORPORATED,-124.05320739746094,40.909454345703125
91951393,2022,2022-12-23,9120,2022-12-15,1510,021329,,4,2,9,0800,0,2,4,,2,029,"EL DORADO STREET","COOPER AVENUE",116.00,S,N,A,-,N,,,,,,,,,,Y,4,0,1,2,A,-,03,22350,,N,C,C,A,A,H,-,A,D,0,,,,,Y,,A,01,0,0,1,0,0,0,0,0,0,"- ","- ",41.760368347167969,-124.20919799804688,"DEL NORTE",UNINCORPORATED,-124.20920562744141,41.760391235351562
91951498,2022,2022-12-23,9120,2022-12-15,0730,017994,,4,1,9,0800,0,1,2,,2,005,"RT 101","HAMILTON RD",1056.00,S,N,A,-,Y,,,,,,,,,,Y,2,0,1,1,A,-,01,23152,F,N,F,A,A,B,H,-,A,D,0,,,,Y,Y,,F,26,1,0,0,0,0,0,0,0,0,"- ","- ",41.716449737548828,-124.13645172119141,"DEL NORTE",UNINCORPORATED,-124.13612365722656,41.716682434082031
91955805,2022,2022-12-29,9120,2022-12-17,1920,017994,,6,2,9,0800,0,1,2,,2,004,"RT 199","OREGON MOUNTAIN RD NORTH",5808.00,S,N,A,-,Y,DN,,199,,,33.918,H,,R,Y,3,0,6,2,A,-,01,23152,F,N,C,C,A,A,H,-,C,A,0,,,,,Y,,-,"- ",0,2,4,0,0,0,0,0,0,"- ","- ",41.973258972167969,-123.74215698242188,"DEL NORTE",UNINCORPORATED,-123.74201965332031,41.973186492919922
91958859,2022,2023-01-03,9120,2022-12-26,1515,017248,,1,2,9,0800,0,3,5,,2,042,"ELK VALLEY CROSS ROAD","WONDER STUMP RD",0.00,,Y,B,C,N,,,,,,,,,,Y,2,0,3,2,A,-,01,23152,A,N,D,C,A,B,H,-,A,A,0,,,,,Y,Y,A,01,1,1,1,0,0,0,0,0,0,"- ","- ",41.811008453369141,-124.15862274169922,"DEL NORTE",UNINCORPORATED,-124.15856170654297,41.81097412109375
91959930,2022,2023-01-04,9120,2022-12-27,1830,017248,,2,2,9,0800,0,2,4,,2,030,"PARKWAY DRIVE",US199,110.00,S,N,B,C,N,,,,,,,,,,Y,4,0,1,1,A,-,08,22107,,N,E,I,A,B,H,-,D,D,0,,,,,Y,,A,01,0,0,1,0,0,0,0,0,0,"- ","- ",41.804100036621094,-124.13868713378906,"DEL NORTE",UNINCORPORATED,-124.13877868652344,41.804149627685547
91960109,2022,2023-01-04,9120,2022-12-30,1835,021329,,5,2,9,0800,0,1,2,,2,005,US-101,"MILL CREEK CAMPGROUND",13728.00,S,N,C,-,Y,DN,,101,,,17.580,H,,R,N,4,0,1,2,A,-,03,22350,,N,E,J,E,B,H,-,D,D,0,Y,,,,Y,,A,01,0,0,1,0,1,0,0,0,0,"- ","- ",41.669021606445312,-124.11322784423828,"DEL NORTE",UNINCORPORATED,-124.11321258544922,41.669021606445312
91967046,2023,2023-01-12,9120,2023-01-11,1618,021329,,3,2,9,0800,0,1,2,,2,005,US-101,"MILL CREEK CAMPGROUND ROAD",7392.00,S,N,C,-,Y,DN,,101," "," ",18.938,H,,R,N,4,0,1,1,A,-,03,22350,,N,E,I,A,B,H,-,A,D,0,,,,,Y,,A,01,0,0,1,0,0,0,0,0,0,"- ","- ",41.685680389404297,-124.10720062255859,"DEL NORTE",UNINCORPORATED,-124.10708618164062,41.685630798339844
91967883,2023,2023-01-13,9120,2023-01-05,1845,021161,,4,2,9,0800,0,2,4,,2,027,"LAKE EARL DRIVE","ELK VALLEY CROSS ROAD",344.00,S,N,B,C,N,,,,,,,,,,N,3,0,1,1,A,-,08,22107,,N,E,I,A,B,H,-,D,D,0,,,,,Y,,A,01,0,1,0,0,0,0,0,0,0,"- ","- ",41.811840057373047,-124.16474151611328,"DEL NORTE",UNINCORPORATED,-124.16485595703125,41.811355590820312
91968003,2023,2023-01-13,9120,2023-01-06,1700,021329,,5,2,9,0800,0,1,2,,2,001,US-101,"WHITE ROCK LOOP",356.00,S,N,C,-,Y,DN,,101," "," ",45.998,H,,R,Y,3,0,3,2,A,-,08,22107,,N,D,C,A,B,H,-,B,D,0,,,,,Y,,A,07,0,1,2,0,0,0,0,0,0,"- ","- ",41.991260528564453,-124.20777893066406,"DEL NORTE",UNINCORPORATED,-124.207763671875,41.991260528564453
91974695,2023,2023-01-23,9120,2023-01-14,1638,021329,,6,2,9,0800,0,1,2,,2,002,US-101,US-199,2112.00,S,N,C,-,Y,DN,,101," ",R,30.415,H,,R,Y,4,0,1,1,A,-,03,22350,,N,E,I,A,B,H,-,A,D,0,,,,,Y,,A,07,0,0,1,0,0,0,0,0,0,"- ","- ",41.798381805419922,-124.15204620361328,"DEL NORTE",UNINCORPORATED,-124.15206146240234,41.798389434814453
91974754,2023,2023-01-23,9120,2023-01-14,1836,021329,,6,2,9,0800,0,1,2,,2,002,US-101,"WONDER STUMP RD",528.00,S,N,C,-,Y,DN,,101," "," ",33.277,H,,R,Y,4,0,1,1,A,-,08,22107,,N,E,9,A,B,H,-,D,D,0,,,,,Y,,A,01,0,0,1,0,0,0,0,0,0,"- ","- ",41.837970733642578,-124.1439208984375,"DEL NORTE",UNINCORPORATED,-124.14388275146484,41.837966918945312
91988426,2022,2023-02-07,9120,2022-12-10,0510,021161,,6,3,9,0800,0,2,4,,2,027,"NORTHCREST DRIVE","ARNETT STREET",200.00,N,N,C,G,N,,,,,,,,,,N,1,1,0,2,A,-,11,21954,A,N,G,B,E,B,H,-,D,D,0,Y,,,,Y,,N,60,0,0,0,1,0,0,0,0,0,"- ","- ",41.776329040527344,-124.19975280761719,"DEL NORTE",UNINCORPORATED,-124.19964599609375,41.776229858398438
91991642,2023,2023-02-10,9120,2023-02-06,1435,017248,,1,2,9,0800,0,1,2,,2,003,US-199,"199 DN 2.50",25.00,N,N,A,-,Y,DN,,199," "," ",2.530,H,,R,N,4,0,1,1,A,-,03,22350,,N,E,I,A,B,H,-,A,D,0,,,,,Y,,-,"- ",0,0,1,0,0,0,0,0,0,"- ","- ",41.810348510742188,-124.11316680908203,"DEL NORTE",UNINCORPORATED,-124.11312866210938,41.810367584228516
91991720,2022,2023-02-10,9120,2022-12-13,1945,017248,,2,2,9,0800,0,1,2,,2,004,US-199,"OREGON MOUNTAIN ROAD (SOUTH)",1584.00,S,N,B,C,Y,DN,,199,,,30.831,H,,R,Y,1,1,0,1,A,-,08,22107,,N,E,I,A,B,H,-,D,D,0,,,,,Y,,A,01,0,0,0,0,0,0,0,0,0,"- ","- ",41.9334716796875,-123.75698852539062,"DEL NORTE",UNINCORPORATED,-123.75694274902344,41.933479309082031
91992369,2023,2023-02-13,9120,2023-02-01,1944,021161,,3,2,9,0800,0,1,2,,2,004,US-199,"SISKIYOU FORK ROAD",13728.00,N,N,A,-,Y,,,,,,,,,,N,2,0,2,1,A,-,01,23152,A,N,E,I,A,A,H,-,D,D,0,,,,,Y,Y,A,07,2,0,0,0,0,0,0,0,0,"- ","- ",,,"DEL NORTE",UNINCORPORATED,-123.77156829833984,41.898059844970703
92000350,2023,2023-02-22,9120,2023-02-11,1603,021161,,6,2,9,0800,0,2,4,,2,030,"PARKWAY DRIVE","ELK VALLEY CROSS RD",40.00,N,N,A,-,N,,,,,,,,,,N,4,0,1,2,A,-,05,21460,A,N,F,I,A,A,H,-,A,D,0,,,Y,,Y,,-,"- ",0,0,1,0,0,0,0,0,1,"- ","- ",41.802341461181641,-124.14090728759766,"DEL NORTE",UNINCORPORATED,-124.14143371582031,41.801979064941406
92001713,2023,2023-02-23,9120,2023-02-16,2245,021279,,4,3,9,0800,0,3,5,,2,044,"PATRICK J MURPHY MEM DR","FIZER LN",350.00,W,N,B,-,N,,,,,,,,,,Y,2,0,2,1,A,-,08,22107,,N,E,I,A,A,H,-,D,D,0,,,,,Y,,A,07,1,0,1,0,0,0,0,0,0,"- ","- ",41.54840087890625,-124.07164001464844,"DEL NORTE",UNINCORPORATED,-124.07159423828125,41.548465728759766
92007196,2023,2023-04-07,9120,2023-02-23,"600 ",016629,,4,1,9,0800,0,1,2,,2,001,"RT 101","FRED HAIGHT DR",300.00,N,N,D,-,Y,DN,,101," "," ",36.559,H,,R,Y,2,0,2,2,A,-,03,22350,,N,D,C,A,C,H,-,D,D,0,,,,,Y,,A,01,1,0,1,0,0,0,0,0,0,"- ","- ",41.885051727294922,-124.13675689697266,"DEL NORTE",UNINCORPORATED,-124.13671112060547,41.885047912597656
92008250,2023,2023-03-02,9120,2023-02-23,1405,017248,,4,2,9,0800,0,1,2,,2,002,US-101,"CREEKSIDE LANE",290.00,S,N,D,-,Y,DN,,101," "," ",31.446,H,,R,Y,4,0,2,2,A,-,03,22350,,N,D,C,A,C,H,-,A,D,0,,,,,Y,,D,22,0,0,2,0,0,0,0,0,0,"- ","- ",41.811641693115234,-124.14685821533203,"DEL NORTE",UNINCORPORATED,-124.14689636230469,41.811641693115234
92008985,2023,2023-03-03,9120,2023-02-23,1545,016629,,4,2,9,0800,0,1,2,,2,002,"US HIGHWAY 101","REYNOLDS LN",250.00,S,N,D,-,Y,DN,,101," "," ",35.426,H,,R,Y,4,0,3,2,A,-,03,22350,,N,D,C,A,C,H,-,A,D,0,,,,,Y,,D,22,0,0,3,0,0,0,0,0,0,"- ","- ",41.868858337402344,-124.13961791992188,"DEL NORTE",UNINCORPORATED,-124.13958740234375,41.868854522705078
92012917,2023,2023-03-08,9120,2023-03-06,1452,021329,,1,2,9,0800,0,1,3,,1,008,SR-197,"197 DN 6.00",142.00,S,N,C,-,Y,DN,,197," "," ",5.941,H,,R,Y,4,0,1,2,A,-,03,22350,,N,A,C,A,C,H,-,A,D,0,,,,,Y,,A,01,0,0,1,0,0,0,0,0,0,"- ","- ",41.87078857421875,-124.12297821044922,"DEL NORTE",UNINCORPORATED,-124.12300109863281,41.870780944824219
92018697,2023,2023-03-15,9120,2023-03-10,1600,019348,,5,2,9,0800,0,1,2,,2,001,"WASHINGTON BLVD",US-101,0.00,,Y,B,C,Y,,,,,,,,,,Y,4,0,2,2,A,-,09,21802,A,N,D,C,A,B,H,-,A,D,0,,,,,Y,,A,01,0,0,2,0,0,0,0,0,0,"- ","- ",41.772670745849609,-124.18852996826172,"DEL NORTE",UNINCORPORATED,-124.18721771240234,41.772743225097656
92021367,2023,2023-04-10,9120,2023-03-11,"400 ",021901,,6,3,9,0800,0,1,2,,2,004,US-199,"MIDDLE FORK GASQUET RD",50.00,N,N,A,-,Y,DN,,199," "," ",14.285,H,,R,Y,2,0,1,1,A,-,08,22107,,N,E,8,A,A,H,-,D,D,0,,,,Y,Y,,F,26,1,0,0,0,0,0,0,0,0,"- ","- ",41.845470428466797,-123.96868133544922,"DEL NORTE",UNINCORPORATED,-123.96873474121094,41.845333099365234
92028127,2023,2023-03-24,9120,2023-03-22,"600 ",016629,,3,1,9,0800,0,1,2,,2,002,"RT 101","KINGS VALLEY X RD",150.00,S,N,A,-,Y,DN,,101," "," ",34.919,H,,R,Y,3,0,1,1,A,-,08,22107,,N,E,I,A,A,H,-,D,D,0,,,,,Y,,D,22,0,1,0,0,0,0,0,0,0,"- ","- ",41.861591339111328,-124.14140319824219,"DEL NORTE",UNINCORPORATED,-124.14118957519531,41.861564636230469
92034565,2023,2023-03-31,9120,2023-03-26,"631 ",019348,,7,1,9,0800,0,1,2,,2,001,US-101,"NORTH INDIAN RD",1790.00,N,N,A,-,Y,DN,,101," "," ",43.893,H,,R,N,4,0,1,1,A,-,03,22350,,N,E,I,A,B,H,-,D,D,0,,,,,Y,,A,07,0,0,1,0,0,0,0,0,0,"- ","- ",41.961711883544922,-124.20276641845703,"DEL NORTE",UNINCORPORATED,-124.20286560058594,41.961723327636719
92034592,2023,2023-03-31,9120,2023-03-21,1640,021085,,2,2,9,0800,0,1,2,,2,004,US-199,"PATRICK CREEK ROAD",8237.00,S,N,A,-,Y,DN,,199," "," ",20.526,H,,R,Y,3,0,2,1,A,-,08,22107,,N,E,I,A,A,H,-,A,D,0,,,,,Y,,-,"- ",0,2,0,0,0,0,0,0,0,"- ","- ",41.864898681640625,-123.86402130126953,"DEL NORTE",UNINCORPORATED,-123.86399841308594,41.864871978759766
92036344,2023,2023-04-04,9120,2023-03-28,1410,021085,,2,2,9,0800,0,1,2,,2,002,US-101,"BURTSCHELL STREET",600.00,N,N,B,-,Y,DN,,101," "," ",27.333,H,,R,Y,4,0,1,2,A,-,03,22350,,N,C,C,A,B,H,-,A,A,0,,,,,Y,,A,01,0,0,1,0,0,0,0,0,0,"- ","- ",41.766609191894531,-124.1934814453125,"DEL NORTE",UNINCORPORATED,-124.19350433349609,41.766628265380859
92039737,2023,2023-04-07,9120,2023-04-04,1500,021085,,2,2,9,0800,0,2,4,,2,029,"PACIFIC AVENUE","BUTTE STREET",0.00,,Y,B,-,N,,,,,,,,,,N,4,0,1,2,A,-,09,21804,A,N,D,C,A,A,H,-,A,D,0,,,,,Y,,A,07,0,0,1,0,0,0,0,0,0,"- ","- ",41.758281707763672,-124.20597076416016,"DEL NORTE",UNINCORPORATED,-124.2059326171875,41.758216857910156
92043199,2023,2023-04-12,9120,2023-04-05,"650 ",016629,,3,1,9,0800,0,3,5,,2,042,"ELK VALLEY CROSS RD","CUNNINGHAM ROAD",240.00,E,N,B,-,N,,,,,,,,,,Y,4,0,1,1,A,-,08,22107,,N,F,I,A,B,H,-,A,D,0,,,,,Y,,-,"- ",0,0,1,0,0,0,0,0,0,"- ","- ",41.809089660644531,-124.15088653564453,"DEL NORTE",UNINCORPORATED,-124.15091705322266,41.809051513671875
92044478,2023,2023-04-13,9120,2023-04-09,1740,021085,,7,2,9,0800,0,2,4,,2,027,"NORTHCREST DRIVE","WASHINGTON BOULEVARD",0.00,,Y,B,-,N,,,,,,,,,,Y,3,0,2,2,A,-,12,21453,A,N,D,C,A,B,H,-,A,A,0,,,,,Y,,D,22,0,2,0,0,0,0,0,0,0,"- ","- ",41.772701263427734,-124.20030212402344,"DEL NORTE",UNINCORPORATED,-124.20036315917969,41.772716522216797
92047850,2023,2023-04-18,9120,2023-04-12,1830,021329,,3,2,9,0800,0,2,4,,2,029,"WASHINGTON BOULEVARD","BURTSCHELL ST",80.00,E,N,A,-,N,,,,,,,,,,N,3,0,1,2,A,-,17,21235,G,N,D,C,A,A,H,-,A,D,0,,,,,Y,,M,94,0,1,0,0,0,0,0,0,0,"- ","- ",41.772789001464844,-124.19481658935547,"DEL NORTE",UNINCORPORATED,-124.19487762451172,41.772689819335938
92048697,2023,2023-04-19,9120,2023-04-17,2220,021901,,1,3,9,0800,0,1,2,,2,001,US-101,"FRED HAIGHT DR",528.00,N,N,F,-,Y,DN,,101," "," ",36.603,H,,R,N,3,0,1,2,A,-,03,22350,,N,G,1,E,B,H,-,D,D,0,Y,,,,Y,,A,01,0,1,0,0,1,0,0,0,0,"- ","- ",41.885711669921875,-124.13661956787109,"DEL NORTE",UNINCORPORATED,-124.13669586181641,41.885711669921875
92052748,2023,2023-04-25,9120,2023-04-18,1125,016629,,2,1,9,0800,0,2,4,,2,027,"NORTHCREST DR","WASHINGTON BLVD",250.00,S,N,A,-,N,,,,,,,,,,N,3,0,1,2,A,-,05,21650,,N,D,G,A,A,H,-,A,D,0,,Y,,,Y,,M,91,0,1,0,0,0,0,1,0,0,"- ","- ",41.771968841552734,-124.20005035400391,"DEL NORTE",UNINCORPORATED,-124.20015716552734,41.772048950195312
92053641,2023,2023-04-26,9120,2023-04-17,1515,021221,,1,2,9,0800,0,1,2,,2,003,"UNITED STATES HIGHWAY 199","WALKER ROAD",3960.00,S,N,B,C,Y,DN,,199," "," ",2.050,H,,R,N,3,0,1,1,A,-,03,22350,,N,F,8,A,B,H,-,A,D,0,,,,,Y,,A,01,0,1,0,0,0,0,0,0,0,"- ","- ",41.810588836669922,-124.12135314941406,"DEL NORTE",UNINCORPORATED,-124.12130737304688,41.810539245605469
92054814,2023,2023-04-27,9120,2023-04-19,1657,019348,,3,2,9,0800,0,1,2,,2,001,US-101,"BECKSTEAD AVE",683.00,N,N,A,-,Y,DN,,101," "," ",40.218,H,,R,Y,2,0,6,2,A,-,01,23152,A,N,D,C,A,A,H,-,A,D,0,,,,,Y,Y,A,01,1,1,4,0,0,0,0,0,0,"- ","- ",41.931781768798828,-124.15332794189453,"DEL NORTE",UNINCORPORATED,-124.15333557128906,41.9317626953125