CASE_ID,ACCIDENT_YEAR,PROC_DATE,JURIS,COLLISION_DATE,COLLISION_TIME,OFFICER_ID,REPORTING_DISTRICT,DAY_OF_WEEK,CHP_SHIFT,POPULATION,CNTY_CITY_LOC,SPECIAL_COND,BEAT_TYPE,CHP_BEAT_TYPE,CITY_DIVISION_LAPD,CHP_BEAT_CLASS,BEAT_NUMBER,PRIMARY_RD,SECONDARY_RD,DISTANCE,DIRECTION,INTERSECTION,WEATHER_1,WEATHER_2,STATE_HWY_IND,CALTRANS_COUNTY,CALTRANS_DISTRICT,STATE_ROUTE,ROUTE_SUFFIX,POSTMILE_PREFIX,POSTMILE,LOCATION_TYPE,RAMP_INTERSECTION,SIDE_OF_HWY,TOW_AWAY,COLLISION_SEVERITY,NUMBER_KILLED,NUMBER_INJURED,PARTY_COUNT,PRIMARY_COLL_FACTOR,PCF_CODE_OF_VIOL,PCF_VIOL_CATEGORY,PCF_VIOLATION,PCF_VIOL_SUBSECTION,HIT_AND_RUN,TYPE_OF_COLLISION,MVIW,PED_ACTION,ROAD_SURFACE,ROAD_COND_1,ROAD_COND_2,LIGHTING,CONTROL_DEVICE,CHP_ROAD_TYPE,PEDESTRIAN_ACCIDENT,BICYCLE_ACCIDENT,MOTORCYCLE_ACCIDENT,TRUCK_ACCIDENT,NOT_PRIVATE_PROPERTY,ALCOHOL_INVOLVED,STWD_VEHTYPE_AT_FAULT,CHP_VEHTYPE_AT_FAULT,COUNT_SEVERE_INJ,COUNT_VISIBLE_INJ,COUNT_COMPLAINT_PAIN,COUNT_PED_KILLED,COUNT_PED_INJURED,COUNT_BICYCLIST_KILLED,COUNT_BICYCLIST_INJURED,COUNT_MC_KILLED,COUNT_MC_INJURED,PRIMARY_RAMP,SECONDARY_RAMP,LATITUDE,LONGITUDE,COUNTY,CITY,POINT_X,POINT_Y
94738035,2025,2025-06-24,9120,2025-06-16,1403,024602,,1,2,9,0800,0,2,4,,2,030,"ELK VALLEY CROSS RD","RT 199",0.00,,Y,A,-,Y,DN,,199," ",T,0.808,H,,L,Y,4,0,1,2,A,-,09,21802,A,N,D,2,A,A,H,-,A,A,0,,,,,Y,,J,48,0,0,1,0,0,0,0,0,0,"- ","- ",41.804409027099609,-124.14306640625,"DEL NORTE",UNINCORPORATED,-124.14305877685547,41.804462432861328
94739407,2025,2025-06-25,9120,2025-06-19,1615,018632,,4,2,9,0800,0,1,2,,2,001,US-101,"WILSON LN",815.00,N,N,A,-,Y,DN,,101," "," ",39.063,H,,R,Y,2,0,2,2,A,-,05,21460,,N,A,C,A,A,H,-,A,D,0,,,,,Y,,A,01,2,0,0,0,0,0,0,0,0,"- ","- ",41.921211242675781,-124.13710021972656,"DEL NORTE",UNINCORPORATED,-124.13705444335938,41.921222686767578
94739920,2025,2025-06-25,9120,2025-06-24,"555 ",019348,,2,3,9,0800,0,2,4,,2,030,"ELK VALLEY RD","MINNESOTA AVE",161.00,N,N,B,-,N,,,,,,,,,,N,4,0,1,1,C,-,18,,,N,H,H,A,A,H,-,B,D,0,,,,,Y,,-,"- ",0,0,1,0,0,0,0,0,0,"- ","- ",41.753688812255859,-124.17680358886719,"DEL NORTE",UNINCORPORATED,-124.17711639404297,41.753711700439453
94743990,2025,2025-06-30,9120,2025-06-24,1935,021597,,2,2,9,0800,0,1,2,,2,003,US-199,"MIDDLE FORK GASQUET RD",3450.00,N,N,A,-,Y,DN,,199," ",R,14.923,H,,R,Y,2,0,1,1,A,-,08,22107,,N,E,8,A,A,H,-,A,D,0,,,,,Y,,-,"- ",1,0,0,0,0,0,0,0,0,"- ","- ",41.841690063476562,-123.95741271972656,"DEL NORTE",UNINCORPORATED,-123.95734405517578,41.841823577880859
94745784,2025,2025-07-01,9120,2025-06-23,1830,024606,,1,2,9,0800,0,1,2,,2,004,"RT 199","FOREST ROUTE 18N07",9293.00,S,N,A,-,Y,DN,,199," ",R,28.292,H,,R,Y,2,0,1,1,A,-,08,22107,,N,F,8,A,A,H,-,A,D,0,,,Y,,Y,,C,02,1,0,0,0,0,0,0,0,1,"- ","- ",41.902061462402344,-123.76873016357422,"DEL NORTE",UNINCORPORATED,-123.76864624023438,41.902072906494141
94755038,2025,2025-07-09,9120,2025-06-30,1450,023196,,1,2,9,0800,0,1,2,,2,003,US-199,"HARDSCRABBLE CREEK",1606.00,S,N,A,-,Y,DN,,199," "," ",10.701,H,,R,Y,3,0,1,1,A,-,01,23152,A,N,E,I,A,A,H,-,A,D,0,,,,,Y,Y,A,01,0,1,0,0,0,0,0,0,0,"- ","- ",41.839389801025391,-124.03244781494141,"DEL NORTE",UNINCORPORATED,-124.03246307373047,41.839363098144531
94757022,2025,2025-07-10,9120,2025-06-06,1852,022238,,5,2,9,0800,0,1,2,,2,004,US-199,"MILE POST MARKER 25.55",192.00,N,N,A,-,Y,DN,,199," "," ",25.559,H,,R,Y,1,1,1,1,A,-,01,23152,F,N,E,I,A,A,H,-,A,D,0,,,,,Y,,A,01,1,0,0,0,0,0,0,0,0,"- ","- ",41.886569976806641,-123.80745697021484,"DEL NORTE",UNINCORPORATED,-123.80734252929688,41.886489868164062
94768097,2025,2025-07-18,9120,2025-07-17,1255,021446,,4,1,9,0800,0,1,2,,2,005,US-101,101DN15.96,100.00,S,N,A,-,Y,DN,,101," "," ",16.007,H,,R,Y,3,0,2,1,A,-,08,22107,,N,E,I,A,A,H,-,A,D,0,,,,,Y,,A,07,0,1,1,0,0,0,0,0,0,"- ","- ",41.647270202636719,-124.11235046386719,"DEL NORTE",UNINCORPORATED,-124.11235046386719,41.647270202636719
94770619,2025,2025-07-21,9120,2025-07-11,"745 ",021446,,5,1,9,0800,0,1,2,,2,003,US-199,199DN1.45,40.00,S,N,A,-,Y,DN,,199," "," ",1.446,H,,R,Y,4,0,1,3,A,-,03,22350,,N,C,C,A,A,H,-,A,D,0,,,,Y,Y,,A,01,0,0,1,0,0,0,0,0,0,"- ","- ",41.8077392578125,-124.12740325927734,"DEL NORTE",UNINCORPORATED,-124.12737274169922,41.807674407958984
94770703,2025,2025-07-21,9120,2025-07-14,1445,022238,,1,2,9,0800,0,1,2,,2,003,US-199,SR-197,0.00,,Y,A,-,Y,DN,,197," ",R,0.020,H,,R,N,4,0,1,2,A,-,09,21802,A,N,D,C,A,A,H,-,A,A,0,,,,,Y,,A,01,0,0,1,0,0,0,0,0,0,"- ","- ",41.805789947509766,-124.08080291748047,"DEL NORTE",UNINCORPORATED,-124.08100891113281,41.805862426757812
94772230,2025,2025-07-22,9120,2025-07-19,1505,021446,,6,2,9,0800,0,1,2,,2,004,US-199,"MPM 199DN26.5",179.00,S,N,A,-,Y,DN,,199," "," ",26.442,H,,R,Y,4,0,1,1,A,-,08,22107,,N,E,I,A,A,H,-,A,D,0,,,,,Y,,A,07,0,0,1,0,0,0,0,0,0,"- ","- ",41.889789581298828,-123.79203796386719,"DEL NORTE",UNINCORPORATED,-123.79210662841797,41.889835357666016
94779383,2025,2025-07-28,9120,2025-07-19,1205,022238,,6,1,9,0800,0,1,2,,2,004,US-199,"LITTLE JONES CREEK",1584.00,S,N,A,-,Y,DN,,199," "," ",24.560,H,,R,Y,3,0,1,1,A,-,03,22350,,N,F,A,A,A,H,-,A,D,0,,,Y,,Y,,-,"- ",0,1,0,0,0,0,0,0,1,"- ","- ",41.882278442382812,-123.82424926757812,"DEL NORTE",UNINCORPORATED,-123.82421875,41.882347106933594
94781789,2025,2025-07-29,9120,2025-07-23,1505,024606,,3,2,9,0800,0,2,4,,2,027,"NORTHCREST DRIVE","HARDING AVE",330.00,N,N,B,-,N,,,,,,,,,,N,3,0,1,2,A,-,08,22107,,N,H,0,A,A,H,-,A,D,0,,Y,,,Y,,D,22,0,1,0,0,0,0,1,0,0,"- ","- ",41.768211364746094,-124.19886779785156,"DEL NORTE",UNINCORPORATED,-124.19893646240234,41.7681884765625
94782956,2025,2025-07-30,9120,2025-07-22,1945,023445,,2,2,9,0800,0,1,2,,2,003,"US-199 N/B","PARKWAY DRIVE",7920.00,N,N,A,-,Y,DN,,199," "," ",2.198,H,,R,N,2,0,2,2,A,-,01,23152,G,N,A,C,A,A,H,-,A,D,0,,,,,Y,Y,A,01,1,0,1,0,0,0,0,0,0,"- ","- ",41.810909271240234,-124.11863708496094,"DEL NORTE",UNINCORPORATED,-124.11867523193359,41.810932159423828
94793072,2025,2025-08-07,9120,2025-07-28,2120,023445,,1,2,9,0800,0,1,3,,1,008,"SR-197 S/B","BOOMERANG RD",50.00,S,N,A,-,Y,DN,,197," "," ",4.966,H,,L,N,3,0,1,1,A,-,08,22107,,N,E,I,A,A,H,-,D,D,0,,,,,Y,,D,22,0,1,0,0,0,0,0,0,0,"- ","- ",41.858280181884766,-124.11770629882812,"DEL NORTE",UNINCORPORATED,-124.11780548095703,41.858280181884766
94799313,2025,2025-08-12,9120,2025-08-08,1330,023385,,5,1,9,0800,0,1,2,,2,003,US-199,SR-197,0.00,,Y,A,-,Y,DN,,197," ",R,0.018,H,,R,N,4,0,1,2,A,-,09,21802,A,N,D,C,A,A,H,-,A,D,0,,,Y,,Y,,D,22,0,0,1,0,0,0,0,0,1,"- ","- ",41.805770874023438,-124.080810546875,"DEL NORTE",UNINCORPORATED,-124.08101654052734,41.805843353271484
94807638,2025,2025-08-18,9120,2025-08-08,1948,021446,,5,2,9,0800,0,1,3,,1,008,SR-197,"MPM 197DN5.00",465.00,S,N,A,-,Y,DN,,197," "," ",4.917,H,,R,Y,2,0,3,1,A,-,01,23152,A,N,E,8,A,A,H,-,A,D,0,,,,,Y,Y,A,07,2,1,0,0,0,0,0,0,0,"- ","- ",41.857551574707031,-124.11779022216797,"DEL NORTE",UNINCORPORATED,-124.117919921875,41.857578277587891
94810250,2025,2025-08-20,9120,2025-08-13,"840 ",024606,,3,1,2,0801,0,1,2,,2,003,US-101,"WILSON CREEK RD",13728.00,N,N,B,-,Y,,,,,,,,,,N,3,0,1,1,A,-,03,22350,,N,E,I,A,A,H,-,A,D,0,,,,Y,Y,,G,27,0,1,0,0,0,0,0,0,0,"- ","- ",41.638130187988281,-124.11572265625,"DEL NORTE","CRESCENT CITY",-124.16082763671875,41.792385101318359
94811921,2025,2025-08-21,9120,2025-08-10,2230,024318,,7,3,9,0800,0,3,5,,2,043,"OCEAN VIEW DRIVE","REEVES ROAD",350.00,S,N,A,-,N,,,,,,,,,,Y,2,0,2,1,A,-,01,23152,A,M,B,I,A,A,H,-,D,D,0,,,,,Y,Y,A,07,1,0,1,0,0,0,0,0,0,"- ","- ",41.981681823730469,-124.19747161865234,"DEL NORTE",UNINCORPORATED,,
94815550,2025,2025-08-25,9120,2025-08-13,1727,022238,,3,2,9,0800,0,1,2,,2,001,US-101,"GILBERT WAY",650.00,S,N,A,-,Y,DN,,101," "," ",45.426,H,,R,N,3,0,1,1,A,-,03,22350,,N,F,A,A,A,H,-,A,D,0,,,Y,,Y,,C,02,0,1,0,0,0,0,0,0,1,"- ","- ",41.983798980712891,-124.20345306396484,"DEL NORTE",UNINCORPORATED,-124.20334625244141,41.983806610107422
94816344,2025,2025-08-25,9120,2025-08-16,1505,021446,,6,2,9,0800,0,1,2,,2,003,US-199,"GASQUET FLAT ROAD",370.00,S,N,B,-,Y,DN,,199," "," ",12.967,H,,R,N,3,0,1,1,C,-,18,,,N,E,H,A,A,H,-,A,D,0,,,,,Y,,-,"- ",0,1,0,0,0,0,0,0,0,"- ","- ",41.842311859130859,-123.99362182617188,"DEL NORTE",UNINCORPORATED,-123.99362182617188,41.84234619140625
94816938,2025,2025-08-25,9120,2025-08-18,1436,024670,,1,2,9,0800,0,1,2,,2,005,"UNITED STATES HIGHWAY 101","MILE MARKER 23.52",0.00,N,N,A,-,Y,DN,,101," "," ",23.527,H,,R,N,4,0,2,1,A,-,08,22107,,N,E,9,A,A,H,-,A,D,0,,,,,Y,,A,01,0,0,2,0,0,0,0,0,0,"- ","- ",41.733428955078125,-124.14811706542969,"DEL NORTE",UNINCORPORATED,-124.14824676513672,41.733306884765625
94826727,2025,2025-09-02,9120,2025-08-22,1645,023445,,5,2,9,0800,0,2,4,,2,027,"OLD MILL ROAD","NORTHCREST DRIVE",0.00,,Y,A,-,N,,,,,,,,,,N,2,0,1,2,A,-,05,21650,,N,D,G,A,A,H,-,A,A,0,,Y,,,Y,,M,91,1,0,0,0,0,0,1,0,0,"- ","- ",41.781761169433594,-124.19853973388672,"DEL NORTE",UNINCORPORATED,-124.19844055175781,41.781787872314453
94827254,2025,2025-09-02,9120,2025-08-26,1210,024670,,2,1,9,0800,0,1,2,,2,003,"RT 199","MILE MARKER 8.49",184.00,S,N,A,-,Y,DN,,199," "," ",8.264,H,,R,N,3,0,1,1,A,-,08,22107,,N,E,8,A,A,D,-,A,A,0,,,,Y,Y,,F,26,0,1,0,0,0,0,0,0,0,"- ","- ",41.81378173828125,-124.04437255859375,"DEL NORTE",UNINCORPORATED,-124.04441833496094,41.813800811767578
94832846,2025,2025-09-08,9120,2025-08-27,"504 ",024732,,3,3,9,0800,0,1,2,,2,002,"RT 101","MILE MARKER 101DN37.72",271.00,S,N,A,-,Y,DN,,101," "," ",35.701,H,,R,Y,2,0,1,1,C,-,18,,,N,H,H,A,A,H,-,D,D,0,,,Y,,Y,,-,"- ",1,0,0,0,0,0,0,0,1,"- ","- ",41.872810363769531,-124.13864898681641,"DEL NORTE",UNINCORPORATED,-124.13867950439453,41.872814178466797
94838906,2025,2025-09-10,9120,2025-09-01,"359 ",024710,,1,3,9,0800,0,1,3,,1,008,"ASHFORD RD",SR-197,1584.00,S,N,B,-,N,,,,,,,,,,N,3,0,1,1,A,-,08,22107,,F,E,I,A,A,H,-,D,D,0,,,,,Y,,A,07,0,1,0,0,0,0,0,0,0,"- ","- ",41.809600830078125,-124.07792663574219,"DEL NORTE",UNINCORPORATED,-124.07877349853516,41.806564331054688
94840606,2025,2025-09-11,9120,2025-09-01,1230,024670,,1,1,9,0800,0,1,2,,2,003,"RT 199","PANTHER FLAT",2640.00,N,N,A,-,Y,DN,,199," ",R,17.324,H,,R,N,3,0,1,1,C,-,18,,,N,E,J,A,A,H,-,A,A,0,,,,,Y,,-,"- ",0,1,0,0,0,0,0,0,0,"- ","- ",41.8460693359375,-123.91692352294922,"DEL NORTE",UNINCORPORATED,-123.91683197021484,41.845932006835938
94840781,2025,2025-09-11,9120,2025-09-05,1314,024729,,5,1,9,0800,0,1,2,,2,003,"US-199 S/B","DN 9.66",5.00,N,N,A,-,Y,DN,,199," "," ",9.713,H,,L,Y,3,0,1,3,A,-,03,22350,,N,C,C,A,A,D,-,A,B,0,,,,,Y,,A,07,0,1,0,0,0,0,0,0,0,"- ","- ",41.828460693359375,-124.03214263916016,"DEL NORTE",UNINCORPORATED,-124.03215789794922,41.828460693359375
94841426,2025,2025-09-11,9120,2025-09-03,"850 ",024602,,3,1,9,0800,0,1,2,,2,003,US-199,"FOREST ROUTE 17N49",4752.00,S,N,B,-,Y,DN,,199," "," ",10.877,H,,R,Y,3,0,1,1,A,-,08,22107,,N,E,I,A,A,H,-,A,D,0,,,,Y,Y,,F,26,0,1,0,0,0,0,0,0,0,"- ","- ",41.839298248291016,-124.02900695800781,"DEL NORTE",UNINCORPORATED,-124.02899169921875,41.839241027832031
94857917,2025,2025-09-24,9120,2025-09-22,"950 ",024729,,1,1,9,0800,0,3,5,,2,042,"ALPINE ST","LAUREL LN",416.00,W,N,A,-,N,,,,,,,,,,Y,4,0,1,2,A,-,08,22107,,N,C,E,A,A,H,-,A,D,0,,,,,Y,,D,22,0,0,1,0,0,0,0,0,0,"- ","- ",41.784999847412109,-124.20584106445312,"DEL NORTE",UNINCORPORATED,-124.20578765869141,41.784996032714844
94872779,2025,2025-10-06,9120,2025-09-27,1644,023445,,6,2,9,0800,0,1,2,,2,003,US-199,"ELK VALLEY CROSS RD",0.00,,Y,A,-,N,,,,,,,,,,N,4,0,1,2,A,-,09,21802,A,N,D,D,A,A,H,-,A,A,0,,,Y,,Y,,C,02,0,0,1,0,0,0,0,0,1,"- ","- ",41.804481506347656,-124.14308166503906,"DEL NORTE",UNINCORPORATED,-124.14324188232422,41.804351806640625
94876142,2025,2025-10-07,9120,2025-09-28,"57  ",023445,,7,3,9,0800,0,2,4,,2,029,"WASHINGTON BLVD","LEIF CIRCLE",180.00,E,N,A,-,N,,,,,,,,,,N,4,0,1,1,A,-,01,23152,A,M,E,8,A,A,H,-,C,D,0,,,,,Y,Y,A,01,0,0,1,0,0,0,0,0,0,"- ","- ",41.772789001464844,-124.19307708740234,"DEL NORTE",UNINCORPORATED,-124.19318389892578,41.772689819335938
94884561,2025,2025-10-13,9120,2025-10-08,1200,023989,,3,1,2,0801,0,2,4,,2,030,"ELK VALLEY RD","STATE ST",309.00,S,N,A,-,N,,,,,,,,,,Y,4,0,1,2,A,-,09,21801,A,N,D,C,A,A,H,-,A,D,0,,,,,Y,,D,22,0,0,1,0,0,0,0,0,0,"- ","- ",41.755451202392578,-124.17079925537109,"DEL NORTE","CRESCENT CITY",-124.17073059082031,41.755592346191406
94885299,2025,2025-10-28,9120,2025-10-08,1515,023989,,3,2,2,0801,0,1,2,,2,006,"US-101 NB","BROKEN TEE LN",124.00,S,N,A,-,Y,DN,,101," "," ",9.644,H,,R,N,4,0,1,2,A,-,04,21703,,N,C,C,A,A,D,-,A,D,0,,,,,Y,,A,07,0,0,1,0,0,0,0,0,0,"- ","- ",41.571609497070312,-124.0709228515625,"DEL NORTE","CRESCENT CITY",-124.07087707519531,41.571620941162109
94894346,2025,2025-10-20,9120,2025-10-12,"320 ",021901,,7,3,9,0800,0,2,4,,2,027,"NORTHCREST DR","E. WASHINGTON BLVD.",300.00,N,N,A,-,N,,,,,,,,,,N,3,0,1,2,A,-,11,21954,A,N,G,B,E,A,H,-,D,D,0,Y,,,,Y,,N,60,0,1,0,0,1,0,0,0,0,"- ","- ",41.773658752441406,-124.20021820068359,"DEL NORTE",UNINCORPORATED,-124.20029449462891,41.773540496826172
94899396,2025,2025-10-23,9120,2025-09-13,1118,021597,,6,1,9,0800,0,1,2,,2,005,US-101,"WILSON CREEK ROAD",21648.00,N,N,B,-,Y,DN,,101," "," ",16.791,H,,R,Y,1,1,0,1,A,-,03,22350,,N,E,8,A,B,H,-,A,D,0,,,,,Y,,A,01,0,0,0,0,0,0,0,0,0,"- ","- ",41.658138275146484,-124.11537170410156,"DEL NORTE",UNINCORPORATED,-124.11534881591797,41.65814208984375
94904546,2025,2025-10-28,9120,2025-10-20,"758 ",020926,,1,1,9,0800,0,3,5,,2,042,"PACIFIC AVE","JOAQUIN AVE",0.00,,Y,A,-,N,,,,,,,,,,Y,4,0,1,2,A,-,09,21802,A,N,D,C,A,A,H,-,A,A,0,,,,,Y,,A,07,0,0,1,0,0,0,0,0,0,"- ","- ",41.758289337158203,-124.21473693847656,"DEL NORTE",UNINCORPORATED,-124.21471405029297,41.758228302001953
94906347,2025,2025-10-29,9120,2025-10-21,"140 ",023385,,2,3,9,0800,0,1,2,,2,004,US-199,"MPM 23.80",100.00,S,N,A,-,Y,DN,,199," "," ",23.838,H,,R,Y,3,0,1,1,A,-,03,22350,,N,F,A,A,A,H,-,D,D,0,,,,Y,Y,,G,25,0,1,0,0,0,0,0,0,0,"- ","- ",41.878719329833984,-123.82996368408203,"DEL NORTE",UNINCORPORATED,-123.82996368408203,41.878700256347656
94907585,2025,2025-10-29,9120,2025-10-17,"5   ",021901,,5,3,9,0800,0,3,5,,2,043,"OCEANVIEW DR.","DAT NAA SVT LOOP",2140.00,N,N,A,-,N,,,,,,,,,,Y,3,0,1,1,A,-,01,23152,A,N,E,I,A,A,H,-,D,D,0,,,,,Y,Y,A,01,0,1,0,0,0,0,0,0,0,"- ","- ",41.969398498535156,-124.19876098632812,"DEL NORTE",UNINCORPORATED,,
94907664,2025,2025-10-30,9120,2025-10-24,2050,023196,,5,2,9,0800,0,1,2,,2,003,"US-199 S/B","HARDSCRABBLE CREEK",649.00,N,N,C,-,Y,DN,,199," "," ",11.116,H,,L,Y,3,0,1,1,A,-,08,22107,,N,E,8,A,B,H,-,D,D,0,,,,,Y,,A,07,0,1,0,0,0,0,0,0,0,"- ","- ",41.839218139648438,-124.02419281005859,"DEL NORTE",UNINCORPORATED,-124.02426147460938,41.839321136474609
94907878,2025,2025-10-30,9120,2025-10-18,1640,021901,,6,2,9,0800,0,1,2,,2,004,US-199,"SISKIYOU FORK ROAD",6336.00,N,N,A,-,Y,DN,,199," "," ",26.783,H,,R,N,2,0,1,1,A,-,08,22107,,N,E,I,A,A,H,-,A,D,0,,,Y,,Y,,C,02,1,0,0,0,0,0,0,0,1,"- ","- ",41.893718719482422,-123.79031372070312,"DEL NORTE",UNINCORPORATED,-123.79035186767578,41.893722534179688
94908016,2025,2025-10-30,9120,2025-10-25,1810,024606,,6,2,9,0800,0,1,2,,2,003,US-199,"WALKER ROAD",1274.00,S,N,C,-,Y,DN,,199," "," ",2.553,H,,R,Y,3,0,2,1,A,-,03,22350,,N,E,I,A,B,H,-,D,D,0,,,,,Y,,A,07,0,2,0,0,0,0,0,0,0,"- ","- ",41.810108184814453,-124.11286926269531,"DEL NORTE",UNINCORPORATED,-124.11289978027344,41.810089111328125
94913340,2025,2025-11-05,9120,2025-10-25,1640,023196,,6,2,9,0800,0,2,4,,2,030,"STATE ST","ELK VALLEY RD",22.00,S,N,A,-,N,,,,,,,,,,Y,4,0,1,2,A,-,08,22107,,N,A,C,A,B,H,-,A,D,0,,,,,Y,,A,01,0,0,1,0,0,0,0,0,0,"- ","- ",41.756099700927734,-124.16986846923828,"DEL NORTE",UNINCORPORATED,-124.16991424560547,41.756175994873047
94913448,2025,2025-11-05,9120,2025-10-29,2200,024602,,3,3,9,0800,0,3,5,,2,042,"SARINA RD",US-101,1109.00,W,N,A,-,N,,,,,,,,,,N,3,0,1,1,A,-,08,22107,,N,E,I,A,A,H,-,D,D,0,,,,,Y,,A,01,0,1,0,0,0,0,0,0,0,"- ","- ",41.930839538574219,-124.16548156738281,"DEL NORTE",UNINCORPORATED,-124.16546630859375,41.933971405029297
94924761,2025,2025-11-12,9120,2025-11-04,1550,024732,,2,2,9,0800,0,1,2,,2,001,"S/B US-101","TIMBERS BLVD",20.00,N,N,B,C,Y,DN,,101," "," ",39.400,H,,R,Y,4,0,1,2,A,-,03,22350,,N,C,C,A,B,H,-,A,D,0,,,,,Y,,D,22,0,0,1,0,0,0,0,0,0,"- ","- ",41.925491333007812,-124.14076232910156,"DEL NORTE",UNINCORPORATED,-124.14070892333984,41.925514221191406
94924762,2025,2025-11-12,9120,2025-11-01,1918,024710,,6,2,9,0800,0,1,2,,2,005,"RT 101","MILE MARKER 18.80",40.00,N,N,C,-,Y,DN,,101," "," ",18.869,H,,R,N,3,0,1,1,A,-,03,22350,,N,E,I,A,B,H,-,D,D,0,,,,,Y,Y,A,01,0,1,0,0,0,0,0,0,0,"- ","- ",41.68511962890625,-124.10820770263672,"DEL NORTE",UNINCORPORATED,-124.10810852050781,41.684982299804688
94924768,2025,2025-11-12,9120,2025-11-04,1503,024732,,2,2,9,0800,0,1,2,,2,003,"US-199 S/B",199DN11,50.00,S,N,B,C,Y,DN,,199," "," ",11.114,H,,L,Y,3,0,1,1,A,-,03,22350,,N,E,8,A,B,H,-,A,D,0,,,,,Y,,A,01,0,1,0,0,0,0,0,0,0,"- ","- ",41.839168548583984,-124.02420806884766,"DEL NORTE",UNINCORPORATED,-124.02430725097656,41.839305877685547
94924784,2025,2025-11-12,9120,2025-11-04,1005,024318,,2,1,9,0800,0,1,2,,2,005,US-101,"MILL CREEK CAMPGROUND",18480.00,S,N,B,C,Y,DN,,101," "," ",16.828,H,,R,N,4,0,1,1,A,-,03,22350,,N,E,I,A,B,H,-,A,D,0,,,,,Y,,D,22,0,0,1,0,0,0,0,0,0,"- ","- ",41.658668518066406,-124.11559295654297,"DEL NORTE",UNINCORPORATED,-124.11561584472656,41.658660888671875
94928572,2025,2025-11-13,9120,2025-10-31,1930,024602,,5,2,9,0800,0,3,5,,2,042,"MADISON AVENUE","ALEXANDRIA WAY",424.00,E,N,A,-,N,,,,,,,,,,N,3,0,1,3,A,-,01,23152,A,M,C,4,A,A,H,-,C,D,0,,,,,Y,Y,D,22,0,1,0,0,0,0,0,0,0,"- ","- ",41.778141021728516,-124.20439910888672,"DEL NORTE",UNINCORPORATED,-124.20447540283203,41.778205871582031
94939722,2025,2025-11-20,9120,2025-11-17,1625,024732,,1,2,9,0800,0,1,2,,2,003,US-199,199DN9.96,40.00,S,N,A,-,N,,,,,,,,,,Y,3,0,1,1,A,-,08,22107,,N,E,I,A,B,H,-,B,D,0,,,,,Y,,D,22,0,1,0,0,0,0,0,0,0,"- ","- ",41.830471038818359,-124.03399658203125,"DEL NORTE",UNINCORPORATED,,
94945306,2025,2025-11-24,9120,2025-11-19,1013,024732,,3,1,9,0800,0,1,2,,2,005,US-101,"REDWOOD DR",100.00,N,N,B,-,N,,,,,,,,,,Y,3,0,2,2,A,-,03,22350,,N,C,C,A,A,H,-,A,D,0,,,,,Y,,A,01,0,2,0,0,0,0,0,0,0,"- ","- ",41.573310852050781,-124.07192230224609,"DEL NORTE",UNINCORPORATED,-124.07172393798828,41.573143005371094
94945353,2025,2025-11-24,9120,2025-11-20,1714,024710,,4,2,9,0800,0,1,2,,2,003,US-199,"SOUTH FORK SMITH RIVER",2640.00,N,N,A,-,Y,DN,,199," "," ",7.691,H,,R,N,3,0,1,1,A,-,03,22350,,N,E,I,A,B,H,-,D,D,0,,,,,Y,,A,01,0,1,0,0,0,0,0,0,0,"- ","- ",41.808811187744141,-124.05071258544922,"DEL NORTE",UNINCORPORATED,-124.05068206787109,41.808757781982422
94947474,2025,2025-11-25,9120,2025-11-19,1035,024729,,3,1,9,0800,0,1,2,,2,004,US-199,"MILE POST MARKER 26.51",425.00,N,N,C,-,Y,DN,,199," "," ",26.618,H,,R,Y,3,0,1,2,A,-,06,21750,A,N,B,C,A,B,H,-,D,D,0,,,,,Y,,A,01,0,1,0,0,0,0,0,0,0,"- ","- ",41.892280578613281,-123.79277038574219,"DEL NORTE",UNINCORPORATED,-123.79270172119141,41.892242431640625
94952611,2025,2025-12-01,9120,2025-11-22,2056,023196,,6,2,9,0800,0,1,2,,2,005,"US-101 N/B","HAMILTON RD",4841.00,S,N,A,-,Y,DN,,101," "," ",21.690,H,,R,Y,3,0,1,1,A,-,03,22349,B,N,E,I,A,B,H,-,D,D,0,,,,,Y,,A,01,0,1,0,0,0,0,0,0,0,"- ","- ",41.712631225585938,-124.12973022460938,"DEL NORTE",UNINCORPORATED,-124.12992858886719,41.712570190429688
94953911,2025,2025-12-02,9120,2025-11-19,1040,024729,,3,1,9,0800,0,2,4,,2,027,"LAKE EARL DR","MOREHEAD RD",2640.00,S,N,C,-,N,,,,,,,,,,Y,3,0,1,1,A,-,01,23152,A,N,E,I,A,B,H,-,D,D,0,,,,,Y,Y,A,01,0,1,0,0,0,0,0,0,0,"- ","- ",41.859371185302734,-124.15380096435547,"DEL NORTE",UNINCORPORATED,-124.15400695800781,41.859031677246094