CASE_ID,ACCIDENT_YEAR,PROC_DATE,JURIS,COLLISION_DATE,COLLISION_TIME,OFFICER_ID,REPORTING_DISTRICT,DAY_OF_WEEK,CHP_SHIFT,POPULATION,CNTY_CITY_LOC,SPECIAL_COND,BEAT_TYPE,CHP_BEAT_TYPE,CITY_DIVISION_LAPD,CHP_BEAT_CLASS,BEAT_NUMBER,PRIMARY_RD,SECONDARY_RD,DISTANCE,DIRECTION,INTERSECTION,WEATHER_1,WEATHER_2,STATE_HWY_IND,CALTRANS_COUNTY,CALTRANS_DISTRICT,STATE_ROUTE,ROUTE_SUFFIX,POSTMILE_PREFIX,POSTMILE,LOCATION_TYPE,RAMP_INTERSECTION,SIDE_OF_HWY,TOW_AWAY,COLLISION_SEVERITY,NUMBER_KILLED,NUMBER_INJURED,PARTY_COUNT,PRIMARY_COLL_FACTOR,PCF_CODE_OF_VIOL,PCF_VIOL_CATEGORY,PCF_VIOLATION,PCF_VIOL_SUBSECTION,HIT_AND_RUN,TYPE_OF_COLLISION,MVIW,PED_ACTION,ROAD_SURFACE,ROAD_COND_1,ROAD_COND_2,LIGHTING,CONTROL_DEVICE,CHP_ROAD_TYPE,PEDESTRIAN_ACCIDENT,BICYCLE_ACCIDENT,MOTORCYCLE_ACCIDENT,TRUCK_ACCIDENT,NOT_PRIVATE_PROPERTY,ALCOHOL_INVOLVED,STWD_VEHTYPE_AT_FAULT,CHP_VEHTYPE_AT_FAULT,COUNT_SEVERE_INJ,COUNT_VISIBLE_INJ,COUNT_COMPLAINT_PAIN,COUNT_PED_KILLED,COUNT_PED_INJURED,COUNT_BICYCLIST_KILLED,COUNT_BICYCLIST_INJURED,COUNT_MC_KILLED,COUNT_MC_INJURED,PRIMARY_RAMP,SECONDARY_RAMP,LATITUDE,LONGITUDE,COUNTY,CITY,POINT_X,POINT_Y
94961938,2025,2025-12-08,9120,2025-10-26,2025,024670,,7,2,9,0800,0,1,2,,2,003,US-199,"MIDDLE FORK GASQUET RD",43.00,S,N,A,-,Y,DN,,199," "," ",14.265,H,,R,N,1,1,0,2,A,-,11,21954,A,N,G,B,D,A,H,-,D,D,0,Y,,,,Y,,N,60,0,0,0,1,0,0,0,0,0,"- ","- ",41.845439910888672,-123.96914672851562,"DEL NORTE",UNINCORPORATED,-123.96915435791016,41.845401763916016
94962023,2025,2025-12-08,9120,2025-11-25,2500,020926,,2,4,9,0800,0,1,2,,2,002,"US-101 N/B","KOA WAY",36.00,N,N,A,-,Y,DN,,101," "," ",32.099,H,,R,N,4,0,1,1,C,-,18,,,N,E,I,A,A,H,-,A,D,0,,,,,Y,,-,"- ",0,0,1,0,0,0,0,0,0,"- ","- ",41.821250915527344,-124.14553833007812,"DEL NORTE",UNINCORPORATED,-124.14561462402344,41.821254730224609
94962208,2025,2025-12-08,9120,2025-10-23,2500,024602,,4,4,9,0800,0,1,2,,2,003,US-199,"SOUTH FORK ROAD",950.00,S,N,F,-,Y,DN,,199," "," ",7.006,H,,R,Y,1,2,0,1,A,-,08,22107,,N,E,I,A,A,H,-,D,D,0,,,,,Y,,A,01,0,0,0,0,0,0,0,0,0,"- ","- ",41.800350189208984,-124.05648803710938,"DEL NORTE",UNINCORPORATED,-124.05662536621094,41.800399780273438
94962821,2025,2025-12-08,9120,2025-11-29,1535,024602,,6,2,9,0800,0,3,5,,2,042,"STUKEY ST","MIDDLETON DR",75.91,N,N,A,-,N,,,,,,,,,,N,4,0,2,1,A,-,03,22350,,N,H,I,A,A,A,-,A,D,0,,,,,Y,,A,01,0,0,2,0,0,0,0,0,0,"- ","- ",41.850410461425781,-124.21385192871094,"DEL NORTE",UNINCORPORATED,-124.21395111083984,41.850337982177734
94962857,2025,2025-12-08,9120,2025-12-02,"728 ",024670,,2,1,9,0800,0,1,2,,2,004,US-199,"MM 36.00",80.00,S,N,E,-,Y,DN,,199," "," ",35.953,H,,R,N,3,0,1,1,A,-,03,22350,,N,E,I,A,A,H,-,A,D,0,,,,,Y,,A,07,0,1,0,0,0,0,0,0,0,"- ","- ",41.990989685058594,-123.71791839599609,"DEL NORTE",UNINCORPORATED,-123.71794128417969,41.990985870361328
94964220,2025,2025-12-09,9120,2025-12-07,2250,023445,,7,3,9,0800,0,1,2,,2,005,"US-101 N/B","DAMNATION CREEK TRAIL",2663.00,N,N,C,-,N,,,,,,,,,,N,4,0,1,1,A,-,03,22350,,N,E,I,A,B,H,-,D,D,0,,,,,Y,,A,01,0,0,1,0,0,0,0,0,0,"- ","- ",41.654399871826172,-124.115966796875,"DEL NORTE",UNINCORPORATED,,
94967972,2025,2025-12-11,9120,2025-12-02,1300,024732,,2,1,9,0800,0,2,4,,2,027,"NORTHCREST DR","HARDING AVE",0.00,,Y,A,-,N,,,,,,,,,,N,3,0,1,2,A,-,05,21650,,N,H,G,A,A,H,-,A,A,0,,,Y,,Y,,O,05,0,1,0,0,0,0,0,0,1,"- ","- ",41.767341613769531,-124.19853973388672,"DEL NORTE",UNINCORPORATED,-124.19863891601562,41.767307281494141
94968054,2025,2025-12-11,9120,2025-11-22,1816,023196,,6,2,9,0800,0,2,4,,2,029,"WASHINGTON BOULEVARD","LEIF CIR",0.00,,Y,A,-,N,,,,,,,,,,N,2,0,1,2,A,-,10,21950,A,N,G,B,B,A,H,-,C,A,0,Y,,,,Y,,A,01,1,0,0,0,1,0,0,0,0,"- ","- ",41.772731781005859,-124.19368743896484,"DEL NORTE",UNINCORPORATED,-124.19384002685547,41.772697448730469
94968327,2025,2025-12-11,9120,2025-12-05,1530,018632,,5,2,9,0800,0,1,2,,2,002,US-101,"REYNOLDS LN",1056.00,S,N,B,-,Y,DN,,101," "," ",35.256,H,,R,N,4,0,4,3,A,-,09,21804,A,N,B,C,A,B,H,-,A,D,0,,,,,Y,,A,07,0,0,4,0,0,0,0,0,0,"- ","- ",41.866409301757812,-124.14015960693359,"DEL NORTE",UNINCORPORATED,-124.14013671875,41.866405487060547
94970909,2025,2025-12-15,9120,2025-11-25,1423,024670,,2,2,9,0800,0,1,2,,2,003,US-199,"MPM 1.11",500.00,N,N,A,-,Y,DN,,199," "," ",1.191,H,,R,Y,2,0,1,2,A,-,05,21460,,N,B,2,A,A,H,-,A,D,0,,,,,Y,,A,07,1,0,0,0,0,0,0,0,0,"- ","- ",41.8089599609375,-124.13170623779297,"DEL NORTE",UNINCORPORATED,-124.13168334960938,41.808879852294922
94973930,2025,2025-12-16,9120,2025-11-25,"218 ",024729,,2,3,9,0800,0,2,4,,2,029,"WASHINGTON BLVD","PEBBLE BEACH DR",2851.00,W,N,A,-,N,,,,,,,,,,Y,2,0,1,1,A,-,01,23152,A,N,E,8,A,A,H,-,D,D,0,,,,,Y,Y,A,07,1,0,0,0,0,0,0,0,0,"- ","- ",41.772449493408203,-124.22799682617188,"DEL NORTE",UNINCORPORATED,-124.23874664306641,41.7718505859375
94976250,2025,2025-12-17,9120,2025-12-03,"655 ",020926,,3,1,9,0800,0,1,2,,2,002,"US-101 S/B TRANSITION FROM WASHINGTION BLVD.","WASHINGTON BLVD",545.00,S,N,A,-,Y,DN,,101," ",R,27.726,H,,L,Y,2,0,2,1,A,-,08,22107,,N,E,I,A,A,H,-,B,D,0,,,,,Y,,A,01,1,0,1,0,0,0,0,0,0,"- ","- ",41.770881652832031,-124.18869018554688,"DEL NORTE",UNINCORPORATED,-124.18852996826172,41.770816802978516
94976253,2025,2025-12-17,9120,2025-11-29,1345,018632,,6,1,9,0800,0,1,2,,2,002,US-101,"MPM 101 DN 34.75",380.00,S,N,A,-,Y,DN,,101," "," ",34.848,H,,R,Y,3,0,1,1,A,-,01,23152,F,N,E,8,A,A,H,-,A,D,0,,,,,Y,,A,01,0,1,0,0,0,0,0,0,0,"- ","- ",41.860561370849609,-124.14154815673828,"DEL NORTE",UNINCORPORATED,-124.14141845703125,41.860542297363281
94989754,2025,2025-12-29,9120,2025-12-16,1902,023385,,2,2,9,0800,0,1,2,,2,003,US-199,"MPM 2.14",112.00,S,N,C,-,N,,,,,,,,,,N,4,0,1,1,A,-,08,22107,,N,E,8,A,B,H,-,D,D,0,,,,,Y,,A,08,0,0,1,0,0,0,0,0,0,"- ","- ",41.810741424560547,-124.12042236328125,"DEL NORTE",UNINCORPORATED,,
94989910,2025,2025-12-29,9120,2025-12-18,"753 ",018632,,4,1,9,0800,0,2,4,,2,027,"NORTHCREST DR","E COOLIDGE AVE",16.00,N,N,B,C,N,,,,,,,,,,N,4,0,1,2,A,-,09,21804,A,N,F,A,A,B,H,-,A,D,0,,Y,,,Y,,-,"- ",0,0,1,0,0,0,1,0,0,"- ","- ",41.769279479980469,-124.19920349121094,"DEL NORTE",UNINCORPORATED,-124.19926452636719,41.769172668457031
94990151,2025,2025-12-29,9120,2025-12-19,1422,018632,,5,2,9,0800,0,2,4,,2,029,"ARLINGTON DR","W. WASHINGTON BLVD",0.00,,Y,B,-,N,,,,,,,,,,Y,4,0,3,2,A,-,12,21453,A,N,D,D,A,B,H,-,A,A,0,,,,,Y,,A,08,0,0,3,0,0,0,0,0,0,"- ","- ",41.772708892822266,-124.21035766601562,"DEL NORTE",UNINCORPORATED,-124.21038055419922,41.772754669189453
94990241,2025,2025-12-29,9120,2025-12-19,1440,024318,,5,2,9,0800,0,2,4,,2,029,"WASHINGTON BOULEVARD","ARLINGTON DRIVE",0.00,,Y,B,-,N,,,,,,,,,,N,4,0,1,2,A,-,04,21703,,N,C,C,A,B,H,-,A,A,0,,,,,Y,,A,07,0,0,1,0,0,0,0,0,0,"- ","- ",41.772750854492188,-124.21038818359375,"DEL NORTE",UNINCORPORATED,-124.21038055419922,41.772754669189453
94990421,2025,2025-12-29,9120,2025-12-21,"549 ",024606,,7,3,9,0800,0,1,2,,2,003,US-199,"PATRICK CREEK RD",8237.00,S,N,B,C,N,,,,,,,,,,Y,4,0,1,1,C,-,18,,,N,E,J,A,B,H,-,D,D,0,,,,,Y,,-,"- ",0,0,1,0,0,0,0,0,0,"- ","- ",41.871089935302734,-123.85343170166016,"DEL NORTE",UNINCORPORATED,-123.86392211914062,41.864944458007812
95003302,2025,2026-01-07,9120,2025-12-30,1029,022238,,2,1,9,0800,0,2,4,,2,027,"LAKE EARL DRIVE","BAY MEADOWS ROAD",121.00,S,N,A,-,N,,,,,,,,,,Y,3,0,1,2,C,-,18,,,N,A,C,A,A,H,-,A,D,0,,,,,Y,,-,"- ",0,1,0,0,0,0,0,0,0,"- ","- ",41.789218902587891,-124.19081878662109,"DEL NORTE",UNINCORPORATED,,
95003354,2025,2026-01-07,9120,2025-12-31,1725,023196,,3,2,9,0800,0,1,2,,2,006,"US-101 S/B","BROKEN TEE LN",390.00,S,N,C,-,Y,DN,,101," "," ",9.586,H,,L,N,3,0,1,1,C,-,18,,,N,F,I,A,B,H,-,D,D,0,,Y,,,Y,,-,"- ",0,1,0,0,0,0,1,0,0,"- ","- ",41.570819854736328,-124.07053375244141,"DEL NORTE",UNINCORPORATED,-124.07044982910156,41.570842742919922
95004715,2025,2026-01-08,9120,2025-12-23,"900 ",024710,,2,1,9,0800,0,1,2,,2,001,"US-101 NORTHBOUND","SOUTH INDIAN ROAD",0.00,,Y,B,-,Y,DN,,101," "," ",43.561,H,,R,N,2,0,7,2,A,-,09,21802,A,N,D,C,A,A,H,-,A,A,0,,,,,Y,,D,22,3,4,0,0,0,0,0,0,0,"- ","- ",41.957019805908203,-124.2042236328125,"DEL NORTE",UNINCORPORATED,-124.20419311523438,41.957015991210938
95008878,2025,2026-01-12,9120,2025-12-30,1535,020926,,2,2,9,0800,0,3,5,,2,042,"MURPHY AVE","INYO ST",21.00,E,N,A,-,N,,,,,,,,,,N,4,0,1,2,A,-,08,22107,,N,D,G,A,A,H,-,A,D,0,,Y,,,Y,,L,04,0,0,1,0,0,0,1,0,0,"- ","- ",41.762359619140625,-124.21327209472656,"DEL NORTE",UNINCORPORATED,-124.21352386474609,41.762409210205078
95009013,2025,2026-01-12,9120,2025-12-22,1155,024670,,1,1,9,0800,0,3,5,,2,045,"SOUTH FORK ROAD","MPM 9.96",20.00,W,N,B,C,N,,,,,,,,,,Y,2,0,2,1,A,-,03,22350,,N,E,I,A,B,H,-,A,D,0,,,,,Y,,A,07,1,1,0,0,0,0,0,0,0,"- ","- ",41.725749969482422,-123.96607208251953,"DEL NORTE",UNINCORPORATED,,
95009881,2025,2026-01-12,9120,2025-12-25,1740,024729,,4,2,9,0800,0,1,2,,2,003,US-199,"MPM 1.86",15.00,N,N,C,-,Y,DN,,199," "," ",1.866,H,,R,Y,2,0,1,3,A,-,03,22350,,N,D,C,A,B,H,-,D,D,0,,,,Y,Y,,G,25,1,0,0,0,0,0,0,0,0,"- ","- ",41.811389923095703,-124.12429809570312,"DEL NORTE",UNINCORPORATED,-124.12429809570312,41.811298370361328
95009958,2025,2026-01-12,9120,2025-12-24,1513,024318,,3,2,9,0800,0,1,2,,2,005,US-101,"DAMNATION CREEK TRAILHEAD",900.00,S,N,B,-,Y,DN,,101," "," ",15.920,H,,R,N,2,0,2,1,A,-,03,22350,,N,E,I,A,B,H,-,A,D,0,,,,,Y,,A,01,1,0,1,0,0,0,0,0,0,"- ","- ",41.646060943603516,-124.11270904541016,"DEL NORTE",UNINCORPORATED,-124.11266326904297,41.646041870117188
95011209,2025,2026-01-13,9120,2025-12-01,1650,024729,,1,2,9,0800,0,3,5,,2,043,"FOREST SERVICE RD 17N49",US-199,17952.00,N,N,A,-,N,,,,,,,,,,Y,1,1,0,1,A,-,03,22350,,N,F,A,A,A,H,-,A,D,0,,,Y,,Y,Y,C,06,0,0,0,0,0,0,0,1,0,"- ","- ",41.892528533935547,-124.01522064208984,"DEL NORTE",UNINCORPORATED,-124.00286865234375,41.858741760253906
9681799,2024,2024-07-11,0801,2024-04-18,1400,128,,4,5,2,0801,0,0,0,,0,,"FRONT ST","PLAY ST",0.00,,-,A,-,N,,,,,,,,,,Y,3,0,1,2,D,-,00,,,N,A,C,A,A,H,-,A,A,0,,,,,Y,Y,-,"- ",0,1,0,0,0,0,0,0,0,"- ","- ",,,"DEL NORTE","CRESCENT CITY",-124.1947021484375,41.751781463623047
9686005,2024,2024-07-25,0801,2024-05-20,1700,123,,1,5,2,0801,0,0,0,,0,,"8TH ST","L ST",0.00,,Y,A,-,Y,DN,1,101,-,-,26.664,I,5,S,N,4,0,1,2,A,-,"- ",,,N,D,C,A,A,H,-,A,D,0,,,,,Y,,D,22,0,0,1,0,0,0,0,0,0,"- ","- ",,,"DEL NORTE","CRESCENT CITY",-124.197509765625,41.757465362548828
9694260,2024,2024-07-08,0801,2024-05-01,1446,113,,3,5,2,0801,0,0,0,,0,,"M ST","3RD ST",0.00,,Y,A,-,Y,DN,1,101,-,-,26.310,H,-,N,N,4,0,2,2,B,-,22,,,N,C,C,A,A,H,-,A,D,0,,,,,Y,,A,01,0,0,2,0,0,0,0,0,0,"- ","- ",,,"DEL NORTE","CRESCENT CITY",-124.1932373046875,41.754447937011719
9696333,2024,2024-05-14,0801,2024-04-16,1615,103,,2,5,2,0801,0,0,0,,0,,"H ST","H ST 601",0.00,,N,A,-,N,,,,,,,,,,N,3,0,1,2,A,I,"- ",,,N,D,G,A,A,H,-,A,D,0,,,,,Y,,M,94,0,1,0,0,0,0,0,0,0,"- ","- ",,,"DEL NORTE","CRESCENT CITY",-124.19650268554688,41.750820159912109
9697299,2024,2024-07-02,0801,2024-03-28,1357,113,,4,5,2,0801,0,0,0,,0,,"5TH ST","L ST",0.00,,Y,A,-,N,,,,,,,,,,N,4,0,1,2,C,-,18,,,N,E,I,A,A,H,-,A,D,0,,,,,Y,,-,"- ",0,0,1,0,0,0,0,0,0,"- ","- ",,,"DEL NORTE","CRESCENT CITY",-124.19551086425781,41.755409240722656
9697329,2024,2024-12-13,0801,2024-04-21,1319,103,,7,5,2,0801,0,0,0,,0,,"RT 101","COOPER AV",0.00,,Y,A,-,Y,DN,1,101,-,-,26.900,I,5,S,Y,3,0,1,3,A,-,01,23152,,N,D,C,A,A,H,-,A,A,0,,,,,Y,Y,A,01,0,1,0,0,0,0,0,0,0,"- ","- ",,,"DEL NORTE","CRESCENT CITY",-124.19760131835938,41.761936187744141
9706660,2024,2024-08-02,0801,2024-06-04,1817,120,,2,5,2,0801,0,0,0,,0,,"5TH ST","J ST",0.00,,Y,A,-,N,,,,,,,,,,N,3,0,1,2,A,-,12,22450,A,N,D,C,A,A,H,-,A,A,0,,,,,Y,,A,01,0,1,0,0,0,0,0,0,0,"- ","- ",,,"DEL NORTE","CRESCENT CITY",-124.19734191894531,41.75445556640625
9712539,2024,2024-09-26,0801,2024-08-17,1650,117,,6,5,2,0801,0,0,0,,0,,"M ST","FRONT ST",0.00,,Y,C,-,N,,,,,,,,,,Y,4,0,1,1,A,-,03,22350,,N,E,I,A,B,H,-,A,D,0,,,,,Y,,A,01,0,0,1,0,0,0,0,0,0,"- ","- ",,,"DEL NORTE","CRESCENT CITY",-124.19212341308594,41.753242492675781
9712543,2024,2024-09-26,0801,2024-08-03,1100,103,,6,5,2,0801,0,0,0,,0,,"HOWE DR","STAMPS WY",415.00,W,N,A,-,N,,,,,,,,,,N,3,0,1,2,D,-,00,,,N,G,B,D,A,H,-,A,D,0,Y,,,,Y,,-,"- ",0,1,0,0,1,0,0,0,0,"- ","- ",,,"DEL NORTE","CRESCENT CITY",-124.19563293457031,41.749908447265625
9712781,2024,2024-11-04,0801,2024-09-07,1238,113,,6,5,2,0801,0,0,0,,0,,"L ST","FRONT ST",0.00,,Y,A,-,Y,DN,1,101,-,-,26.209,I,5,N,N,3,0,2,2,A,-,12,21453,,N,A,C,A,A,H,-,A,A,0,,,,,Y,,A,01,0,2,0,0,0,0,0,0,0,"- ","- ",,,"DEL NORTE","CRESCENT CITY",-124.19208526611328,41.753231048583984
9715471,2024,2024-10-01,0801,2024-07-21,1520,117,,7,5,2,0801,0,0,0,,0,,"3RD ST","L ST",0.00,,Y,A,-,N,,,,,,,,,,N,3,0,2,2,A,-,12,22450,,N,D,C,A,A,H,-,A,A,0,,,,,Y,,A,01,0,1,1,0,0,0,0,0,0,"- ","- ",,,"DEL NORTE","CRESCENT CITY",-124.19431304931641,41.754158020019531
9716245,2024,2024-08-30,0801,2024-05-21,1100,103,,2,5,2,0801,0,0,0,,0,,"9TH ST","H ST",0.00,,Y,-,-,N,,,,,,,,,,N,3,0,1,2,A,-,12,22450,,N,-,-,A,-,-,-,-,-,0,,,,,Y,,A,01,0,1,0,0,0,0,0,0,0,"- ","- ",,,"DEL NORTE","CRESCENT CITY",-124.20166778564453,41.756221771240234
9720169,2024,2024-09-05,0801,2024-07-07,"250 ",120,,7,5,2,0801,0,0,0,,0,,"RT 101","ELK VALLEY RD",0.00,,Y,A,-,Y,DN,1,101,-,-,25.840,I,5,N,Y,2,0,1,1,A,-,"- ",,,N,E,I,A,A,H,-,C,A,0,,,,,Y,,A,01,1,0,0,0,0,0,0,0,0,"- ","- ",,,"DEL NORTE","CRESCENT CITY",-124.18544006347656,41.752227783203125
9730904,2024,2024-09-27,0801,2024-07-24,"847 ",113,,3,5,2,0801,0,0,0,,0,,"NORTHCREST DR","WILSON AV",0.00,,Y,A,-,Y,DN,1,101,-,-,27.040,I,5,S,N,4,0,1,2,B,-,22,,,N,B,G,A,A,H,-,A,D,0,,Y,,,Y,,L,04,0,0,1,0,0,0,1,0,0,"- ","- ",,,"DEL NORTE","CRESCENT CITY",-124.19666290283203,41.763774871826172
9730936,2024,2025-03-06,0801,2024-08-09,1510,113,,5,5,2,0801,0,0,0,,0,,"RT 101","THOMPSON ST",0.00,,Y,A,-,Y,DN,1,101,-,-,25.640,H,-,S,N,3,0,1,4,A,-,09,21804,,N,B,G,A,A,H,-,A,A,0,,Y,,,Y,,L,04,0,1,0,0,0,0,1,0,0,"- ","- ",,,"DEL NORTE","CRESCENT CITY",-124.18233489990234,41.750293731689453
9748534,2024,2024-11-18,0801,2024-10-03,2106,129,,4,5,2,0801,0,0,0,,0,,"NORTHCREST DR","COOLIDGE AV",0.00,,-,C,-,N,,,,,,,,,,N,3,0,2,2,A,-,01,23153,A,N,B,D,A,B,H,-,C,A,0,,,,,Y,Y,A,01,0,2,0,0,0,0,0,0,0,"- ","- ",,,"DEL NORTE","CRESCENT CITY",-124.19924926757812,41.769126892089844
9748740,2024,2024-12-05,0801,2024-11-05,1040,103,,2,5,2,0801,0,0,0,,0,,"NORTHCREST DR","NORTHCREST DR 880",0.00,,N,A,-,N,,,,,,,,,,N,2,0,1,2,A,-,09,21801,A,N,D,G,A,A,H,-,A,D,0,,Y,,,Y,,A,01,1,0,0,0,0,0,1,0,0,"- ","- ",,,"DEL NORTE","CRESCENT CITY",-124.197582,41.764476999999999
9753142,2024,2024-11-19,0801,2024-09-20,1134,113,,5,5,2,0801,0,0,0,,0,,"3RD ST","I ST",0.00,,Y,A,-,N,,,,,,,,,,N,4,0,1,2,-,-,"- ",,,N,B,C,A,A,-,-,A,D,0,,,,,Y,,-,"- ",0,0,1,0,0,0,0,0,0,"- ","- ",,,"DEL NORTE","CRESCENT CITY",-124.19696044921875,41.752655029296875
9758000,2025,2025-07-23,0801,2025-05-02,1210,127,,5,5,2,0801,0,0,0,,0,,"3RD ST","L ST",0.00,,Y,A,-,N,,,,,,,,,,N,4,0,1,3,A,-,09,21802,,N,H,C,A,A,H,-,A,D,0,,,,,Y,,A,01,0,0,1,0,0,0,0,0,0,"- ","- ",,,"DEL NORTE","CRESCENT CITY",-124.19431304931641,41.754158020019531
9782817,2025,2025-03-07,0801,2025-01-23,"705 ",108,,4,5,2,0801,0,0,0,,0,,"RT 101","CITIZEN DOCK RD",0.00,,Y,A,-,Y,DN,1,101,-,-,25.510,I,5,S,N,2,0,1,2,D,-,00,,,F,B,B,C,A,H,-,D,D,0,Y,,,,Y,Y,-,"- ",1,0,0,0,1,0,0,0,0,"- ","- ",,,"DEL NORTE","CRESCENT CITY",-124.18054962158203,41.748985290527344
9788356,2025,2025-12-31,0801,2025-04-03,1700,108,,4,5,2,0801,0,0,0,,0,,"L ST","FRONT ST",0.00,,Y,A,-,N,,,,,,,,,,N,4,0,1,2,A,-,"- ",,,N,C,C,A,A,-,-,A,-,0,,,,,Y,,D,22,0,0,1,0,0,0,0,0,0,"- ","- ",,,"DEL NORTE","CRESCENT CITY",-124.19298553466797,41.752773284912109
9788360,2025,2025-05-30,0801,2025-02-26,1420,130,,3,5,2,0801,0,0,0,,0,,"5TH ST","RT 101",0.00,,Y,A,-,Y,DN,1,101,-,-,26.436,I,5,S,N,3,0,1,2,A,-,12,21453,A,N,G,B,A,A,H,-,A,A,0,,,,,Y,,M,94,0,1,0,0,0,0,0,0,0,"- ","- ",,,"DEL NORTE","CRESCENT CITY",-124.19495391845703,41.754802703857422
9809513,2025,2026-01-26,0801,2025-12-10,1748,127,,3,5,2,0801,0,0,0,,0,,"8TH ST","K ST",0.00,,Y,A,-,N,,,,,,,,,,N,4,0,2,2,A,-,12,22450,A,N,D,C,A,A,H,-,C,D,0,,,,,Y,,A,08,0,0,2,0,0,0,0,0,0,"- ","- ",,,"DEL NORTE","CRESCENT CITY",-124.19829559326172,41.756931304931641
9809514,2025,2026-01-23,0801,2025-12-12,1830,108,,5,5,2,0801,0,0,0,,0,,"9TH ST","L ST",0.00,,Y,A,-,N,,,,,,,,,,Y,2,0,3,2,A,-,03,22350,,N,D,C,A,A,H,-,C,A,0,,,,,Y,,A,07,1,2,0,0,0,0,0,0,0,"- ","- ",,,"DEL NORTE","CRESCENT CITY",-124.19808197021484,41.758144378662109
9809515,2025,2026-02-27,0801,2025-12-11,1752,113,,4,5,2,0801,0,0,0,,0,,"RT 101","NORTHCREST DR",0.00,,Y,A,-,Y,,,,,,,,,,N,2,0,2,2,A,-,09,21802,,N,D,G,A,A,H,-,C,A,0,,Y,,,Y,,L,04,1,0,1,0,0,0,1,0,0,"- ","- ",,,"DEL NORTE","CRESCENT CITY",,
9812831,2025,2025-11-13,0801,2025-10-26,1303,116,,7,5,2,0801,0,0,0,,0,,"PLAY ST","FRONT ST",0.00,,Y,A,B,N,,,,,,,,,,N,3,0,1,2,A,-,"- ",,,N,G,B,C,A,H,-,A,D,0,Y,,,,Y,,A,07,0,1,0,0,1,0,0,0,0,"- ","- ",,,"DEL NORTE","CRESCENT CITY",-124.1947021484375,41.751781463623047
9812835,2025,2025-11-13,0801,2025-10-21,1300,103,,2,5,2,0801,0,0,0,,0,,"5TH ST","J ST",0.00,,Y,A,-,N,,,,,,,,,,N,3,0,1,2,A,-,00,21760,,N,B,G,A,A,H,-,A,D,0,,Y,,,Y,,A,01,0,1,0,0,0,0,1,0,0,"- ","- ",,,"DEL NORTE","CRESCENT CITY",-124.19734191894531,41.75445556640625
9812839,2025,2025-11-21,0801,2025-10-05,"830 ",129,,7,5,2,0801,0,0,0,,0,,"RT 101","ELK VALLEY CROSSROAD",0.00,,-,-,-,Y,DN,1,101,-,-,25.840,I,5,S,N,4,0,2,2,A,-,12,21453,A,N,-,-,A,-,-,-,-,-,0,,,,,Y,,D,22,0,0,2,0,0,0,0,0,0,"- ","- ",,,"DEL NORTE","CRESCENT CITY",-124.18552398681641,41.752155303955078
9832571,2025,2025-07-16,0801,2025-06-09,1645,103,,1,5,2,0801,0,0,0,,0,,"5TH ST","L ST",0.00,,Y,-,-,N,,,,,,,,,,N,3,0,1,2,A,-,08,22100,B,N,-,-,A,-,-,-,-,-,0,,,,,Y,,A,01,0,1,0,0,0,0,0,0,0,"- ","- ",,,"DEL NORTE","CRESCENT CITY",-124.19551086425781,41.755409240722656
9873417,2025,2025-09-15,0801,2025-07-04,1150,127,,5,5,2,0801,0,0,0,,0,,"5TH ST","J ST",0.00,,Y,A,-,N,,,,,,,,,,N,3,0,4,2,D,-,00,,,N,D,C,A,A,H,-,A,D,0,,,,,Y,,-,"- ",0,2,2,0,0,0,0,0,0,"- ","- ",,,"DEL NORTE","CRESCENT CITY",-124.19734191894531,41.75445556640625
9879590,2025,2025-11-18,0801,2025-08-20,"840 ",116,,3,5,2,0801,0,0,0,,0,,"L ST","3RD ST",0.00,,Y,B,-,N,,,,,,,,,,Y,4,0,3,2,A,-,"- ",,,N,D,C,A,A,H,-,A,A,0,,,,,Y,,A,01,0,0,3,0,0,0,0,0,0,"- ","- ",,,"DEL NORTE","CRESCENT CITY",-124.19431304931641,41.754158020019531
9890976,2025,2025-11-14,0801,2025-09-01,1855,117,,1,5,2,0801,0,0,0,,0,,"H ST","9TH ST",0.00,,Y,A,-,N,,,,,,,,,,N,3,0,1,2,A,-,10,21950,A,N,G,B,B,A,H,-,A,A,0,Y,,,,Y,,A,01,0,1,0,0,1,0,0,0,0,"- ","- ",,,"DEL NORTE","CRESCENT CITY",-124.20166778564453,41.756221771240234
9890977,2025,2026-01-16,0801,2025-09-22,"800 ",128,,1,5,2,0801,0,0,0,,0,,"8TH ST","H ST",0.00,,Y,A,-,N,,,,,,,,,,N,4,0,1,2,A,-,00,16028,A,N,D,C,A,A,H,-,A,A,0,,,,,Y,,A,01,0,0,1,0,0,0,0,0,0,"- ","- ",,,"DEL NORTE","CRESCENT CITY",-124.20106506347656,41.755535125732422
9896461,2025,2026-02-20,0801,2025-11-25,1642,103,,2,5,2,0801,0,0,0,,0,,"L ST","8TH ST",0.00,,Y,A,-,Y,DN,1,101,-,-,26.664,I,5,S,N,3,0,1,2,A,-,12,22450,,N,H,C,A,A,H,-,A,D,0,,,,,Y,,A,01,0,1,0,0,0,0,0,0,0,"- ","- ",,,"DEL NORTE","CRESCENT CITY",-124.197509765625,41.757465362548828
9896480,2025,2026-02-18,0801,2025-11-06,1726,130,,4,5,2,0801,0,0,0,,0,,"RT 101","9TH ST",0.00,,Y,C,-,Y,DN,1,101,-,-,26.720,I,6,S,N,4,0,2,2,A,-,"- ",,,N,C,C,A,B,-,-,C,A,0,,,,,Y,,A,01,0,0,2,0,0,0,0,0,0,"- ","- ",,,"DEL NORTE","CRESCENT CITY",-124.19811248779297,41.758136749267578
9896481,2025,2026-01-05,0801,2025-11-04,"910 ",103,,2,5,2,0801,0,0,0,,0,,"RTE 101","COOPER AV",0.00,,Y,A,-,N,,,,,,,,,,N,3,0,1,2,A,-,05,21651,,N,H,G,A,A,H,-,A,D,0,,Y,,,Y,,L,04,0,1,0,0,0,0,1,0,0,"- ","- ",,,"DEL NORTE","CRESCENT CITY",-124.19749450683594,41.761871337890625